basket_id,transaction_date,product_id,product_name,category,quantity,status,source
SYN-0001,2026-01-01,AG-004,Tomato,Fruit Vegetables,1,completed,synthetic
SYN-0001,2026-01-01,AG-010,Onion,Bulb and Stem Vegetables,1,completed,synthetic
SYN-0002,2026-01-02,AG-004,Tomato,Fruit Vegetables,3,completed,synthetic
SYN-0002,2026-01-02,AG-010,Onion,Bulb and Stem Vegetables,1,completed,synthetic
SYN-0003,2026-01-03,AG-004,Tomato,Fruit Vegetables,1,completed,synthetic
SYN-0003,2026-01-03,AG-010,Onion,Bulb and Stem Vegetables,3,completed,synthetic
SYN-0003,2026-01-03,AG-005,Eggplant,Fruit Vegetables,3,completed,synthetic
SYN-0004,2026-01-04,AG-007,Potato,Root and Tuber Vegetables,3,completed,synthetic
SYN-0004,2026-01-04,AG-008,Carrot,Root and Tuber Vegetables,3,completed,synthetic
SYN-0005,2026-01-05,AG-005,Eggplant,Fruit Vegetables,1,completed,synthetic
SYN-0005,2026-01-05,AG-015,String Beans,Seeds and Legumes,1,completed,synthetic
SYN-0006,2026-01-06,AG-005,Eggplant,Fruit Vegetables,1,completed,synthetic
SYN-0007,2026-01-07,AG-003,Lettuce,Leafy Greens,2,completed,synthetic
SYN-0008,2026-01-08,AG-001,Pechay,Leafy Greens,1,completed,synthetic
SYN-0008,2026-01-08,AG-002,Kangkong,Leafy Greens,3,completed,synthetic
SYN-0009,2026-01-09,AG-004,Tomato,Fruit Vegetables,2,completed,synthetic
SYN-0009,2026-01-09,AG-010,Onion,Bulb and Stem Vegetables,1,completed,synthetic
SYN-0010,2026-01-10,AG-001,Pechay,Leafy Greens,2,completed,synthetic
SYN-0010,2026-01-10,AG-017,Fresh Tomatoes,Fruit Vegetables,3,completed,synthetic
SYN-0011,2026-01-11,AG-004,Tomato,Fruit Vegetables,2,completed,synthetic
SYN-0011,2026-01-11,AG-010,Onion,Bulb and Stem Vegetables,1,completed,synthetic
SYN-0011,2026-01-11,AG-005,Eggplant,Fruit Vegetables,1,completed,synthetic
SYN-0012,2026-01-12,AG-015,String Beans,Seeds and Legumes,3,completed,synthetic
SYN-0013,2026-01-13,AG-012,Spring Onion,Bulb and Stem Vegetables,1,completed,synthetic
SYN-0014,2026-01-14,AG-004,Tomato,Fruit Vegetables,1,completed,synthetic
SYN-0014,2026-01-14,AG-010,Onion,Bulb and Stem Vegetables,3,completed,synthetic
SYN-0015,2026-01-15,AG-013,Cauliflower,Flower Vegetables,2,completed,synthetic
SYN-0016,2026-01-16,AG-008,Carrot,Root and Tuber Vegetables,1,completed,synthetic
SYN-0016,2026-01-16,AG-011,Garlic,Bulb and Stem Vegetables,1,completed,synthetic
SYN-0017,2026-01-17,AG-013,Cauliflower,Flower Vegetables,1,completed,synthetic
SYN-0017,2026-01-17,AG-009,Radish,Root and Tuber Vegetables,1,completed,synthetic
SYN-0018,2026-01-18,AG-011,Garlic,Bulb and Stem Vegetables,3,completed,synthetic
SYN-0018,2026-01-18,AG-007,Potato,Root and Tuber Vegetables,2,completed,synthetic
SYN-0019,2026-01-19,AG-005,Eggplant,Fruit Vegetables,1,completed,synthetic
SYN-0019,2026-01-19,AG-015,String Beans,Seeds and Legumes,3,completed,synthetic
SYN-0019,2026-01-19,AG-003,Lettuce,Leafy Greens,3,completed,synthetic
SYN-0020,2026-01-20,AG-001,Pechay,Leafy Greens,3,completed,synthetic
SYN-0020,2026-01-20,AG-017,Fresh Tomatoes,Fruit Vegetables,2,completed,synthetic
SYN-0021,2026-01-21,AG-007,Potato,Root and Tuber Vegetables,1,completed,synthetic
SYN-0021,2026-01-21,AG-008,Carrot,Root and Tuber Vegetables,1,completed,synthetic
SYN-0022,2026-01-22,AG-006,Okra,Fruit Vegetables,3,completed,synthetic
SYN-0023,2026-01-23,AG-004,Tomato,Fruit Vegetables,3,completed,synthetic
SYN-0023,2026-01-23,AG-010,Onion,Bulb and Stem Vegetables,2,completed,synthetic
SYN-0024,2026-01-24,AG-001,Pechay,Leafy Greens,1,completed,synthetic
SYN-0024,2026-01-24,AG-017,Fresh Tomatoes,Fruit Vegetables,3,completed,synthetic
SYN-0025,2026-01-25,AG-009,Radish,Root and Tuber Vegetables,1,completed,synthetic
SYN-0025,2026-01-25,AG-011,Garlic,Bulb and Stem Vegetables,2,completed,synthetic
SYN-0026,2026-01-26,AG-005,Eggplant,Fruit Vegetables,3,completed,synthetic
SYN-0026,2026-01-26,AG-015,String Beans,Seeds and Legumes,2,completed,synthetic
SYN-0026,2026-01-26,AG-013,Cauliflower,Flower Vegetables,3,completed,synthetic
SYN-0027,2026-01-27,AG-004,Tomato,Fruit Vegetables,3,completed,synthetic
SYN-0027,2026-01-27,AG-010,Onion,Bulb and Stem Vegetables,3,completed,synthetic
SYN-0028,2026-01-28,AG-007,Potato,Root and Tuber Vegetables,1,completed,synthetic
SYN-0028,2026-01-28,AG-008,Carrot,Root and Tuber Vegetables,3,completed,synthetic
SYN-0029,2026-01-29,AG-001,Pechay,Leafy Greens,1,completed,synthetic
SYN-0029,2026-01-29,AG-011,Garlic,Bulb and Stem Vegetables,1,completed,synthetic
SYN-0029,2026-01-29,AG-008,Carrot,Root and Tuber Vegetables,2,completed,synthetic
SYN-0030,2026-01-30,AG-010,Onion,Bulb and Stem Vegetables,1,completed,synthetic
SYN-0030,2026-01-30,AG-008,Carrot,Root and Tuber Vegetables,1,completed,synthetic
SYN-0031,2026-01-31,AG-003,Lettuce,Leafy Greens,1,completed,synthetic
SYN-0031,2026-01-31,AG-016,Mung Beans,Seeds and Legumes,3,completed,synthetic
SYN-0031,2026-01-31,AG-014,Broccoli,Flower Vegetables,1,completed,synthetic
SYN-0032,2026-02-01,AG-005,Eggplant,Fruit Vegetables,1,completed,synthetic
SYN-0032,2026-02-01,AG-015,String Beans,Seeds and Legumes,2,completed,synthetic
SYN-0033,2026-02-02,AG-001,Pechay,Leafy Greens,1,completed,synthetic
SYN-0033,2026-02-02,AG-017,Fresh Tomatoes,Fruit Vegetables,3,completed,synthetic
SYN-0034,2026-02-03,AG-010,Onion,Bulb and Stem Vegetables,3,completed,synthetic
SYN-0034,2026-02-03,AG-013,Cauliflower,Flower Vegetables,3,completed,synthetic
SYN-0035,2026-02-04,AG-001,Pechay,Leafy Greens,1,completed,synthetic
SYN-0035,2026-02-04,AG-017,Fresh Tomatoes,Fruit Vegetables,1,completed,synthetic
SYN-0036,2026-02-05,AG-004,Tomato,Fruit Vegetables,1,completed,synthetic
SYN-0036,2026-02-05,AG-010,Onion,Bulb and Stem Vegetables,3,completed,synthetic
SYN-0037,2026-02-06,AG-004,Tomato,Fruit Vegetables,1,completed,synthetic
SYN-0037,2026-02-06,AG-010,Onion,Bulb and Stem Vegetables,1,completed,synthetic
SYN-0038,2026-02-07,AG-004,Tomato,Fruit Vegetables,1,completed,synthetic
SYN-0038,2026-02-07,AG-010,Onion,Bulb and Stem Vegetables,3,completed,synthetic
SYN-0039,2026-02-08,AG-005,Eggplant,Fruit Vegetables,1,completed,synthetic
SYN-0039,2026-02-08,AG-015,String Beans,Seeds and Legumes,3,completed,synthetic
SYN-0040,2026-02-09,AG-016,Mung Beans,Seeds and Legumes,2,completed,synthetic
SYN-0040,2026-02-09,AG-008,Carrot,Root and Tuber Vegetables,2,completed,synthetic
SYN-0041,2026-02-10,AG-004,Tomato,Fruit Vegetables,2,completed,synthetic
SYN-0041,2026-02-10,AG-010,Onion,Bulb and Stem Vegetables,2,completed,synthetic
SYN-0042,2026-02-11,AG-004,Tomato,Fruit Vegetables,3,completed,synthetic
SYN-0042,2026-02-11,AG-010,Onion,Bulb and Stem Vegetables,1,completed,synthetic
SYN-0043,2026-02-12,AG-001,Pechay,Leafy Greens,1,completed,synthetic
SYN-0043,2026-02-12,AG-002,Kangkong,Leafy Greens,1,completed,synthetic
SYN-0044,2026-02-13,AG-001,Pechay,Leafy Greens,2,completed,synthetic
SYN-0044,2026-02-13,AG-017,Fresh Tomatoes,Fruit Vegetables,1,completed,synthetic
SYN-0045,2026-02-14,AG-007,Potato,Root and Tuber Vegetables,1,completed,synthetic
SYN-0045,2026-02-14,AG-008,Carrot,Root and Tuber Vegetables,2,completed,synthetic
SYN-0046,2026-02-15,AG-004,Tomato,Fruit Vegetables,3,completed,synthetic
SYN-0046,2026-02-15,AG-002,Kangkong,Leafy Greens,3,completed,synthetic
SYN-0047,2026-02-16,AG-008,Carrot,Root and Tuber Vegetables,2,completed,synthetic
SYN-0047,2026-02-16,AG-006,Okra,Fruit Vegetables,2,completed,synthetic
SYN-0047,2026-02-16,AG-007,Potato,Root and Tuber Vegetables,1,completed,synthetic
SYN-0048,2026-02-17,AG-006,Okra,Fruit Vegetables,2,completed,synthetic
SYN-0048,2026-02-17,AG-013,Cauliflower,Flower Vegetables,2,completed,synthetic
SYN-0048,2026-02-17,AG-001,Pechay,Leafy Greens,2,completed,synthetic
SYN-0049,2026-02-18,AG-001,Pechay,Leafy Greens,2,completed,synthetic
SYN-0049,2026-02-18,AG-017,Fresh Tomatoes,Fruit Vegetables,1,completed,synthetic
SYN-0050,2026-02-19,AG-007,Potato,Root and Tuber Vegetables,3,completed,synthetic
SYN-0050,2026-02-19,AG-008,Carrot,Root and Tuber Vegetables,3,completed,synthetic
SYN-0051,2026-02-20,AG-001,Pechay,Leafy Greens,2,completed,synthetic
SYN-0051,2026-02-20,AG-002,Kangkong,Leafy Greens,3,completed,synthetic
SYN-0051,2026-02-20,AG-012,Spring Onion,Bulb and Stem Vegetables,3,completed,synthetic
SYN-0052,2026-02-21,AG-001,Pechay,Leafy Greens,1,completed,synthetic
SYN-0052,2026-02-21,AG-017,Fresh Tomatoes,Fruit Vegetables,3,completed,synthetic
SYN-0052,2026-02-21,AG-004,Tomato,Fruit Vegetables,1,completed,synthetic
SYN-0053,2026-02-22,AG-007,Potato,Root and Tuber Vegetables,3,completed,synthetic
SYN-0053,2026-02-22,AG-008,Carrot,Root and Tuber Vegetables,1,completed,synthetic
SYN-0054,2026-02-23,AG-004,Tomato,Fruit Vegetables,2,completed,synthetic
SYN-0054,2026-02-23,AG-010,Onion,Bulb and Stem Vegetables,3,completed,synthetic
SYN-0055,2026-02-24,AG-001,Pechay,Leafy Greens,2,completed,synthetic
SYN-0055,2026-02-24,AG-017,Fresh Tomatoes,Fruit Vegetables,1,completed,synthetic
SYN-0056,2026-02-25,AG-001,Pechay,Leafy Greens,2,completed,synthetic
SYN-0056,2026-02-25,AG-002,Kangkong,Leafy Greens,1,completed,synthetic
SYN-0057,2026-02-26,AG-001,Pechay,Leafy Greens,1,completed,synthetic
SYN-0057,2026-02-26,AG-002,Kangkong,Leafy Greens,1,completed,synthetic
SYN-0058,2026-02-27,AG-001,Pechay,Leafy Greens,1,completed,synthetic
SYN-0058,2026-02-27,AG-017,Fresh Tomatoes,Fruit Vegetables,3,completed,synthetic
SYN-0059,2026-02-28,AG-001,Pechay,Leafy Greens,1,completed,synthetic
SYN-0059,2026-02-28,AG-002,Kangkong,Leafy Greens,1,completed,synthetic
SYN-0059,2026-02-28,AG-008,Carrot,Root and Tuber Vegetables,2,completed,synthetic
SYN-0060,2026-03-01,AG-005,Eggplant,Fruit Vegetables,3,completed,synthetic
SYN-0060,2026-03-01,AG-015,String Beans,Seeds and Legumes,2,completed,synthetic
SYN-0061,2026-03-02,AG-001,Pechay,Leafy Greens,3,completed,synthetic
SYN-0061,2026-03-02,AG-017,Fresh Tomatoes,Fruit Vegetables,2,completed,synthetic
SYN-0061,2026-03-02,AG-015,String Beans,Seeds and Legumes,3,completed,synthetic
SYN-0062,2026-03-03,AG-007,Potato,Root and Tuber Vegetables,1,completed,synthetic
SYN-0062,2026-03-03,AG-008,Carrot,Root and Tuber Vegetables,3,completed,synthetic
SYN-0063,2026-03-04,AG-001,Pechay,Leafy Greens,1,completed,synthetic
SYN-0063,2026-03-04,AG-002,Kangkong,Leafy Greens,3,completed,synthetic
SYN-0064,2026-03-05,AG-001,Pechay,Leafy Greens,2,completed,synthetic
SYN-0064,2026-03-05,AG-002,Kangkong,Leafy Greens,1,completed,synthetic
SYN-0065,2026-03-06,AG-005,Eggplant,Fruit Vegetables,1,completed,synthetic
SYN-0065,2026-03-06,AG-015,String Beans,Seeds and Legumes,1,completed,synthetic
SYN-0066,2026-03-07,AG-007,Potato,Root and Tuber Vegetables,2,completed,synthetic
SYN-0066,2026-03-07,AG-008,Carrot,Root and Tuber Vegetables,1,completed,synthetic
SYN-0067,2026-03-08,AG-014,Broccoli,Flower Vegetables,1,completed,synthetic
SYN-0067,2026-03-08,AG-001,Pechay,Leafy Greens,1,completed,synthetic
SYN-0068,2026-03-09,AG-005,Eggplant,Fruit Vegetables,2,completed,synthetic
SYN-0068,2026-03-09,AG-002,Kangkong,Leafy Greens,3,completed,synthetic
SYN-0069,2026-03-10,AG-005,Eggplant,Fruit Vegetables,2,completed,synthetic
SYN-0069,2026-03-10,AG-015,String Beans,Seeds and Legumes,1,completed,synthetic
SYN-0069,2026-03-10,AG-006,Okra,Fruit Vegetables,2,completed,synthetic
SYN-0070,2026-03-11,AG-007,Potato,Root and Tuber Vegetables,2,completed,synthetic
SYN-0070,2026-03-11,AG-008,Carrot,Root and Tuber Vegetables,3,completed,synthetic
SYN-0071,2026-03-12,AG-005,Eggplant,Fruit Vegetables,1,completed,synthetic
SYN-0072,2026-03-13,AG-006,Okra,Fruit Vegetables,1,completed,synthetic
SYN-0072,2026-03-13,AG-014,Broccoli,Flower Vegetables,3,completed,synthetic
SYN-0072,2026-03-13,AG-001,Pechay,Leafy Greens,2,completed,synthetic
SYN-0073,2026-03-14,AG-008,Carrot,Root and Tuber Vegetables,2,completed,synthetic
SYN-0074,2026-03-15,AG-004,Tomato,Fruit Vegetables,1,completed,synthetic
SYN-0074,2026-03-15,AG-010,Onion,Bulb and Stem Vegetables,2,completed,synthetic
SYN-0075,2026-03-16,AG-005,Eggplant,Fruit Vegetables,1,completed,synthetic
SYN-0075,2026-03-16,AG-015,String Beans,Seeds and Legumes,1,completed,synthetic
SYN-0076,2026-03-17,AG-007,Potato,Root and Tuber Vegetables,2,completed,synthetic
SYN-0076,2026-03-17,AG-008,Carrot,Root and Tuber Vegetables,1,completed,synthetic
SYN-0077,2026-03-18,AG-017,Fresh Tomatoes,Fruit Vegetables,2,completed,synthetic
SYN-0078,2026-03-19,AG-001,Pechay,Leafy Greens,1,completed,synthetic
SYN-0078,2026-03-19,AG-017,Fresh Tomatoes,Fruit Vegetables,1,completed,synthetic
SYN-0079,2026-03-20,AG-009,Radish,Root and Tuber Vegetables,1,completed,synthetic
SYN-0080,2026-03-21,AG-005,Eggplant,Fruit Vegetables,2,completed,synthetic
SYN-0080,2026-03-21,AG-015,String Beans,Seeds and Legumes,2,completed,synthetic
SYN-0081,2026-03-22,AG-001,Pechay,Leafy Greens,3,completed,synthetic
SYN-0081,2026-03-22,AG-017,Fresh Tomatoes,Fruit Vegetables,1,completed,synthetic
SYN-0081,2026-03-22,AG-016,Mung Beans,Seeds and Legumes,2,completed,synthetic
SYN-0082,2026-03-23,AG-005,Eggplant,Fruit Vegetables,3,completed,synthetic
SYN-0082,2026-03-23,AG-015,String Beans,Seeds and Legumes,3,completed,synthetic
SYN-0082,2026-03-23,AG-017,Fresh Tomatoes,Fruit Vegetables,3,completed,synthetic
SYN-0083,2026-03-24,AG-007,Potato,Root and Tuber Vegetables,2,completed,synthetic
SYN-0083,2026-03-24,AG-012,Spring Onion,Bulb and Stem Vegetables,1,completed,synthetic
SYN-0084,2026-03-25,AG-011,Garlic,Bulb and Stem Vegetables,2,completed,synthetic
SYN-0084,2026-03-25,AG-004,Tomato,Fruit Vegetables,3,completed,synthetic
SYN-0084,2026-03-25,AG-012,Spring Onion,Bulb and Stem Vegetables,2,completed,synthetic
SYN-0085,2026-01-01,AG-001,Pechay,Leafy Greens,2,completed,synthetic
SYN-0085,2026-01-01,AG-002,Kangkong,Leafy Greens,3,completed,synthetic
SYN-0086,2026-01-02,AG-005,Eggplant,Fruit Vegetables,2,completed,synthetic
SYN-0086,2026-01-02,AG-015,String Beans,Seeds and Legumes,3,completed,synthetic
SYN-0087,2026-01-03,AG-010,Onion,Bulb and Stem Vegetables,2,completed,synthetic
SYN-0088,2026-01-04,AG-004,Tomato,Fruit Vegetables,1,completed,synthetic
SYN-0088,2026-01-04,AG-010,Onion,Bulb and Stem Vegetables,2,completed,synthetic
SYN-0089,2026-01-05,AG-011,Garlic,Bulb and Stem Vegetables,2,completed,synthetic
SYN-0089,2026-01-05,AG-015,String Beans,Seeds and Legumes,2,completed,synthetic
SYN-0090,2026-01-06,AG-001,Pechay,Leafy Greens,3,completed,synthetic
SYN-0090,2026-01-06,AG-017,Fresh Tomatoes,Fruit Vegetables,1,completed,synthetic
SYN-0091,2026-01-07,AG-001,Pechay,Leafy Greens,3,completed,synthetic
SYN-0091,2026-01-07,AG-002,Kangkong,Leafy Greens,3,completed,synthetic
SYN-0092,2026-01-08,AG-007,Potato,Root and Tuber Vegetables,1,completed,synthetic
SYN-0092,2026-01-08,AG-008,Carrot,Root and Tuber Vegetables,1,completed,synthetic
SYN-0093,2026-01-09,AG-004,Tomato,Fruit Vegetables,2,completed,synthetic
SYN-0093,2026-01-09,AG-010,Onion,Bulb and Stem Vegetables,3,completed,synthetic
SYN-0094,2026-01-10,AG-014,Broccoli,Flower Vegetables,3,completed,synthetic
SYN-0095,2026-01-11,AG-005,Eggplant,Fruit Vegetables,1,completed,synthetic
SYN-0095,2026-01-11,AG-015,String Beans,Seeds and Legumes,1,completed,synthetic
SYN-0096,2026-01-12,AG-004,Tomato,Fruit Vegetables,1,completed,synthetic
SYN-0096,2026-01-12,AG-010,Onion,Bulb and Stem Vegetables,2,completed,synthetic
SYN-0097,2026-01-13,AG-001,Pechay,Leafy Greens,3,completed,synthetic
SYN-0097,2026-01-13,AG-017,Fresh Tomatoes,Fruit Vegetables,1,completed,synthetic
SYN-0098,2026-01-14,AG-005,Eggplant,Fruit Vegetables,2,completed,synthetic
SYN-0099,2026-01-15,AG-001,Pechay,Leafy Greens,2,completed,synthetic
SYN-0099,2026-01-15,AG-017,Fresh Tomatoes,Fruit Vegetables,3,completed,synthetic
SYN-0100,2026-01-16,AG-014,Broccoli,Flower Vegetables,1,completed,synthetic
SYN-0100,2026-01-16,AG-015,String Beans,Seeds and Legumes,3,completed,synthetic
SYN-0100,2026-01-16,AG-016,Mung Beans,Seeds and Legumes,2,completed,synthetic
SYN-0101,2026-01-17,AG-007,Potato,Root and Tuber Vegetables,2,completed,synthetic
SYN-0101,2026-01-17,AG-008,Carrot,Root and Tuber Vegetables,3,completed,synthetic
SYN-0102,2026-01-18,AG-007,Potato,Root and Tuber Vegetables,1,completed,synthetic
SYN-0102,2026-01-18,AG-008,Carrot,Root and Tuber Vegetables,3,completed,synthetic
SYN-0103,2026-01-19,AG-001,Pechay,Leafy Greens,3,completed,synthetic
SYN-0103,2026-01-19,AG-002,Kangkong,Leafy Greens,1,completed,synthetic
SYN-0104,2026-01-20,AG-007,Potato,Root and Tuber Vegetables,1,completed,synthetic
SYN-0104,2026-01-20,AG-008,Carrot,Root and Tuber Vegetables,3,completed,synthetic
SYN-0105,2026-01-21,AG-005,Eggplant,Fruit Vegetables,3,completed,synthetic
SYN-0105,2026-01-21,AG-015,String Beans,Seeds and Legumes,2,completed,synthetic
SYN-0106,2026-01-22,AG-007,Potato,Root and Tuber Vegetables,2,completed,synthetic
SYN-0106,2026-01-22,AG-008,Carrot,Root and Tuber Vegetables,3,completed,synthetic
SYN-0107,2026-01-23,AG-013,Cauliflower,Flower Vegetables,2,completed,synthetic
SYN-0108,2026-01-24,AG-001,Pechay,Leafy Greens,2,completed,synthetic
SYN-0108,2026-01-24,AG-002,Kangkong,Leafy Greens,2,completed,synthetic
SYN-0109,2026-01-25,AG-001,Pechay,Leafy Greens,1,completed,synthetic
SYN-0109,2026-01-25,AG-017,Fresh Tomatoes,Fruit Vegetables,2,completed,synthetic
SYN-0110,2026-01-26,AG-005,Eggplant,Fruit Vegetables,2,completed,synthetic
SYN-0110,2026-01-26,AG-015,String Beans,Seeds and Legumes,2,completed,synthetic
SYN-0111,2026-01-27,AG-005,Eggplant,Fruit Vegetables,2,completed,synthetic
SYN-0111,2026-01-27,AG-015,String Beans,Seeds and Legumes,1,completed,synthetic
SYN-0112,2026-01-28,AG-013,Cauliflower,Flower Vegetables,1,completed,synthetic
SYN-0112,2026-01-28,AG-001,Pechay,Leafy Greens,3,completed,synthetic
SYN-0113,2026-01-29,AG-005,Eggplant,Fruit Vegetables,2,completed,synthetic
SYN-0113,2026-01-29,AG-015,String Beans,Seeds and Legumes,2,completed,synthetic
SYN-0114,2026-01-30,AG-005,Eggplant,Fruit Vegetables,2,completed,synthetic
SYN-0114,2026-01-30,AG-015,String Beans,Seeds and Legumes,2,completed,synthetic
SYN-0115,2026-01-31,AG-009,Radish,Root and Tuber Vegetables,2,completed,synthetic
SYN-0115,2026-01-31,AG-003,Lettuce,Leafy Greens,1,completed,synthetic
SYN-0116,2026-02-01,AG-012,Spring Onion,Bulb and Stem Vegetables,1,completed,synthetic
SYN-0117,2026-02-02,AG-004,Tomato,Fruit Vegetables,1,completed,synthetic
SYN-0117,2026-02-02,AG-010,Onion,Bulb and Stem Vegetables,1,completed,synthetic
SYN-0118,2026-02-03,AG-008,Carrot,Root and Tuber Vegetables,2,completed,synthetic
SYN-0118,2026-02-03,AG-005,Eggplant,Fruit Vegetables,3,completed,synthetic
SYN-0119,2026-02-04,AG-007,Potato,Root and Tuber Vegetables,2,completed,synthetic
SYN-0119,2026-02-04,AG-008,Carrot,Root and Tuber Vegetables,2,completed,synthetic
SYN-0120,2026-02-05,AG-001,Pechay,Leafy Greens,3,completed,synthetic
SYN-0120,2026-02-05,AG-017,Fresh Tomatoes,Fruit Vegetables,1,completed,synthetic
SYN-0121,2026-02-06,AG-010,Onion,Bulb and Stem Vegetables,1,completed,synthetic
SYN-0122,2026-02-07,AG-001,Pechay,Leafy Greens,2,completed,synthetic
SYN-0122,2026-02-07,AG-002,Kangkong,Leafy Greens,2,completed,synthetic
SYN-0123,2026-02-08,AG-008,Carrot,Root and Tuber Vegetables,1,completed,synthetic
SYN-0124,2026-02-09,AG-004,Tomato,Fruit Vegetables,3,completed,synthetic
SYN-0125,2026-02-10,AG-014,Broccoli,Flower Vegetables,3,completed,synthetic
SYN-0126,2026-02-11,AG-001,Pechay,Leafy Greens,1,completed,synthetic
SYN-0126,2026-02-11,AG-017,Fresh Tomatoes,Fruit Vegetables,2,completed,synthetic
SYN-0127,2026-02-12,AG-012,Spring Onion,Bulb and Stem Vegetables,3,completed,synthetic
SYN-0128,2026-02-13,AG-005,Eggplant,Fruit Vegetables,1,completed,synthetic
SYN-0128,2026-02-13,AG-014,Broccoli,Flower Vegetables,3,completed,synthetic
SYN-0129,2026-02-14,AG-001,Pechay,Leafy Greens,3,completed,synthetic
SYN-0129,2026-02-14,AG-002,Kangkong,Leafy Greens,2,completed,synthetic
SYN-0130,2026-02-15,AG-001,Pechay,Leafy Greens,1,completed,synthetic
SYN-0130,2026-02-15,AG-017,Fresh Tomatoes,Fruit Vegetables,1,completed,synthetic
SYN-0131,2026-02-16,AG-005,Eggplant,Fruit Vegetables,2,completed,synthetic
SYN-0131,2026-02-16,AG-015,String Beans,Seeds and Legumes,3,completed,synthetic
SYN-0132,2026-02-17,AG-005,Eggplant,Fruit Vegetables,2,completed,synthetic
SYN-0132,2026-02-17,AG-015,String Beans,Seeds and Legumes,2,completed,synthetic
SYN-0133,2026-02-18,AG-007,Potato,Root and Tuber Vegetables,2,completed,synthetic
SYN-0133,2026-02-18,AG-008,Carrot,Root and Tuber Vegetables,2,completed,synthetic
SYN-0134,2026-02-19,AG-001,Pechay,Leafy Greens,2,completed,synthetic
SYN-0134,2026-02-19,AG-017,Fresh Tomatoes,Fruit Vegetables,3,completed,synthetic
SYN-0135,2026-02-20,AG-007,Potato,Root and Tuber Vegetables,2,completed,synthetic
SYN-0135,2026-02-20,AG-008,Carrot,Root and Tuber Vegetables,2,completed,synthetic
SYN-0135,2026-02-20,AG-014,Broccoli,Flower Vegetables,3,completed,synthetic
SYN-0136,2026-02-21,AG-016,Mung Beans,Seeds and Legumes,1,completed,synthetic
SYN-0136,2026-02-21,AG-015,String Beans,Seeds and Legumes,1,completed,synthetic
SYN-0137,2026-02-22,AG-005,Eggplant,Fruit Vegetables,2,completed,synthetic
SYN-0137,2026-02-22,AG-015,String Beans,Seeds and Legumes,3,completed,synthetic
SYN-0138,2026-02-23,AG-005,Eggplant,Fruit Vegetables,2,completed,synthetic
SYN-0138,2026-02-23,AG-015,String Beans,Seeds and Legumes,2,completed,synthetic
SYN-0139,2026-02-24,AG-012,Spring Onion,Bulb and Stem Vegetables,2,completed,synthetic
SYN-0139,2026-02-24,AG-015,String Beans,Seeds and Legumes,2,completed,synthetic
SYN-0140,2026-02-25,AG-004,Tomato,Fruit Vegetables,2,completed,synthetic
SYN-0140,2026-02-25,AG-010,Onion,Bulb and Stem Vegetables,1,completed,synthetic
SYN-0141,2026-02-26,AG-006,Okra,Fruit Vegetables,3,completed,synthetic
SYN-0141,2026-02-26,AG-007,Potato,Root and Tuber Vegetables,2,completed,synthetic
SYN-0141,2026-02-26,AG-004,Tomato,Fruit Vegetables,2,completed,synthetic
SYN-0142,2026-02-27,AG-017,Fresh Tomatoes,Fruit Vegetables,1,completed,synthetic
SYN-0142,2026-02-27,AG-010,Onion,Bulb and Stem Vegetables,2,completed,synthetic
SYN-0142,2026-02-27,AG-002,Kangkong,Leafy Greens,1,completed,synthetic
SYN-0143,2026-02-28,AG-001,Pechay,Leafy Greens,1,completed,synthetic
SYN-0143,2026-02-28,AG-002,Kangkong,Leafy Greens,2,completed,synthetic
SYN-0143,2026-02-28,AG-011,Garlic,Bulb and Stem Vegetables,1,completed,synthetic
SYN-0144,2026-03-01,AG-005,Eggplant,Fruit Vegetables,1,completed,synthetic
SYN-0144,2026-03-01,AG-016,Mung Beans,Seeds and Legumes,1,completed,synthetic
SYN-0145,2026-03-02,AG-005,Eggplant,Fruit Vegetables,2,completed,synthetic
SYN-0145,2026-03-02,AG-015,String Beans,Seeds and Legumes,1,completed,synthetic
SYN-0146,2026-03-03,AG-016,Mung Beans,Seeds and Legumes,1,completed,synthetic
SYN-0147,2026-03-04,AG-003,Lettuce,Leafy Greens,3,completed,synthetic
SYN-0148,2026-03-05,AG-004,Tomato,Fruit Vegetables,3,completed,synthetic
SYN-0148,2026-03-05,AG-010,Onion,Bulb and Stem Vegetables,2,completed,synthetic
SYN-0148,2026-03-05,AG-015,String Beans,Seeds and Legumes,1,completed,synthetic
SYN-0149,2026-03-06,AG-014,Broccoli,Flower Vegetables,3,completed,synthetic
SYN-0150,2026-03-07,AG-001,Pechay,Leafy Greens,3,completed,synthetic
SYN-0150,2026-03-07,AG-017,Fresh Tomatoes,Fruit Vegetables,2,completed,synthetic
SYN-0151,2026-03-08,AG-005,Eggplant,Fruit Vegetables,3,completed,synthetic
SYN-0151,2026-03-08,AG-015,String Beans,Seeds and Legumes,2,completed,synthetic
SYN-0152,2026-03-09,AG-001,Pechay,Leafy Greens,1,completed,synthetic
SYN-0152,2026-03-09,AG-017,Fresh Tomatoes,Fruit Vegetables,1,completed,synthetic
SYN-0152,2026-03-09,AG-013,Cauliflower,Flower Vegetables,3,completed,synthetic
SYN-0153,2026-03-10,AG-004,Tomato,Fruit Vegetables,3,completed,synthetic
SYN-0153,2026-03-10,AG-010,Onion,Bulb and Stem Vegetables,1,completed,synthetic
SYN-0153,2026-03-10,AG-003,Lettuce,Leafy Greens,1,completed,synthetic
SYN-0154,2026-03-11,AG-005,Eggplant,Fruit Vegetables,2,completed,synthetic
SYN-0154,2026-03-11,AG-015,String Beans,Seeds and Legumes,2,completed,synthetic
SYN-0155,2026-03-12,AG-001,Pechay,Leafy Greens,3,completed,synthetic
SYN-0155,2026-03-12,AG-002,Kangkong,Leafy Greens,2,completed,synthetic
SYN-0156,2026-03-13,AG-007,Potato,Root and Tuber Vegetables,3,completed,synthetic
SYN-0156,2026-03-13,AG-008,Carrot,Root and Tuber Vegetables,3,completed,synthetic
SYN-0157,2026-03-14,AG-007,Potato,Root and Tuber Vegetables,3,completed,synthetic
SYN-0157,2026-03-14,AG-008,Carrot,Root and Tuber Vegetables,1,completed,synthetic
SYN-0158,2026-03-15,AG-001,Pechay,Leafy Greens,1,completed,synthetic
SYN-0158,2026-03-15,AG-002,Kangkong,Leafy Greens,1,completed,synthetic
SYN-0159,2026-03-16,AG-001,Pechay,Leafy Greens,3,completed,synthetic
SYN-0159,2026-03-16,AG-002,Kangkong,Leafy Greens,2,completed,synthetic
SYN-0160,2026-03-17,AG-005,Eggplant,Fruit Vegetables,3,completed,synthetic
SYN-0160,2026-03-17,AG-015,String Beans,Seeds and Legumes,2,completed,synthetic
SYN-0161,2026-03-18,AG-016,Mung Beans,Seeds and Legumes,1,completed,synthetic
SYN-0161,2026-03-18,AG-015,String Beans,Seeds and Legumes,3,completed,synthetic
SYN-0162,2026-03-19,AG-005,Eggplant,Fruit Vegetables,3,completed,synthetic
SYN-0162,2026-03-19,AG-015,String Beans,Seeds and Legumes,2,completed,synthetic
SYN-0163,2026-03-20,AG-007,Potato,Root and Tuber Vegetables,3,completed,synthetic
SYN-0163,2026-03-20,AG-008,Carrot,Root and Tuber Vegetables,3,completed,synthetic
SYN-0164,2026-03-21,AG-009,Radish,Root and Tuber Vegetables,1,completed,synthetic
SYN-0164,2026-03-21,AG-002,Kangkong,Leafy Greens,2,completed,synthetic
SYN-0164,2026-03-21,AG-013,Cauliflower,Flower Vegetables,3,completed,synthetic
SYN-0165,2026-03-22,AG-001,Pechay,Leafy Greens,3,completed,synthetic
SYN-0165,2026-03-22,AG-002,Kangkong,Leafy Greens,2,completed,synthetic
SYN-0166,2026-03-23,AG-005,Eggplant,Fruit Vegetables,2,completed,synthetic
SYN-0166,2026-03-23,AG-015,String Beans,Seeds and Legumes,2,completed,synthetic
SYN-0167,2026-03-24,AG-001,Pechay,Leafy Greens,1,completed,synthetic
SYN-0167,2026-03-24,AG-002,Kangkong,Leafy Greens,2,completed,synthetic
SYN-0168,2026-03-25,AG-005,Eggplant,Fruit Vegetables,2,completed,synthetic
SYN-0168,2026-03-25,AG-015,String Beans,Seeds and Legumes,3,completed,synthetic
SYN-0169,2026-01-01,AG-004,Tomato,Fruit Vegetables,2,completed,synthetic
SYN-0169,2026-01-01,AG-010,Onion,Bulb and Stem Vegetables,1,completed,synthetic
SYN-0170,2026-01-02,AG-017,Fresh Tomatoes,Fruit Vegetables,1,completed,synthetic
SYN-0171,2026-01-03,AG-001,Pechay,Leafy Greens,1,completed,synthetic
SYN-0171,2026-01-03,AG-017,Fresh Tomatoes,Fruit Vegetables,1,completed,synthetic
SYN-0172,2026-01-04,AG-001,Pechay,Leafy Greens,3,completed,synthetic
SYN-0172,2026-01-04,AG-017,Fresh Tomatoes,Fruit Vegetables,2,completed,synthetic
SYN-0173,2026-01-05,AG-005,Eggplant,Fruit Vegetables,2,completed,synthetic
SYN-0174,2026-01-06,AG-005,Eggplant,Fruit Vegetables,3,completed,synthetic
SYN-0174,2026-01-06,AG-015,String Beans,Seeds and Legumes,1,completed,synthetic
SYN-0174,2026-01-06,AG-012,Spring Onion,Bulb and Stem Vegetables,3,completed,synthetic
SYN-0175,2026-01-07,AG-001,Pechay,Leafy Greens,1,completed,synthetic
SYN-0175,2026-01-07,AG-017,Fresh Tomatoes,Fruit Vegetables,1,completed,synthetic
SYN-0175,2026-01-07,AG-008,Carrot,Root and Tuber Vegetables,1,completed,synthetic
SYN-0176,2026-01-08,AG-004,Tomato,Fruit Vegetables,1,completed,synthetic
SYN-0176,2026-01-08,AG-010,Onion,Bulb and Stem Vegetables,2,completed,synthetic
SYN-0177,2026-01-09,AG-009,Radish,Root and Tuber Vegetables,2,completed,synthetic
SYN-0178,2026-01-10,AG-008,Carrot,Root and Tuber Vegetables,1,completed,synthetic
SYN-0178,2026-01-10,AG-015,String Beans,Seeds and Legumes,2,completed,synthetic
SYN-0178,2026-01-10,AG-009,Radish,Root and Tuber Vegetables,1,completed,synthetic
SYN-0179,2026-01-11,AG-005,Eggplant,Fruit Vegetables,2,completed,synthetic
SYN-0179,2026-01-11,AG-003,Lettuce,Leafy Greens,2,completed,synthetic
SYN-0180,2026-01-12,AG-001,Pechay,Leafy Greens,1,completed,synthetic
SYN-0180,2026-01-12,AG-017,Fresh Tomatoes,Fruit Vegetables,2,completed,synthetic
SYN-0181,2026-01-13,AG-016,Mung Beans,Seeds and Legumes,2,completed,synthetic
SYN-0181,2026-01-13,AG-005,Eggplant,Fruit Vegetables,3,completed,synthetic
SYN-0182,2026-01-14,AG-001,Pechay,Leafy Greens,3,completed,synthetic
SYN-0182,2026-01-14,AG-002,Kangkong,Leafy Greens,2,completed,synthetic
SYN-0183,2026-01-15,AG-001,Pechay,Leafy Greens,3,completed,synthetic
SYN-0183,2026-01-15,AG-002,Kangkong,Leafy Greens,1,completed,synthetic
SYN-0184,2026-01-16,AG-007,Potato,Root and Tuber Vegetables,2,completed,synthetic
SYN-0184,2026-01-16,AG-008,Carrot,Root and Tuber Vegetables,1,completed,synthetic
SYN-0185,2026-01-17,AG-005,Eggplant,Fruit Vegetables,2,completed,synthetic
SYN-0185,2026-01-17,AG-015,String Beans,Seeds and Legumes,2,completed,synthetic
SYN-0186,2026-01-18,AG-005,Eggplant,Fruit Vegetables,1,completed,synthetic
SYN-0186,2026-01-18,AG-016,Mung Beans,Seeds and Legumes,1,completed,synthetic
SYN-0187,2026-01-19,AG-001,Pechay,Leafy Greens,1,completed,synthetic
SYN-0187,2026-01-19,AG-017,Fresh Tomatoes,Fruit Vegetables,2,completed,synthetic
SYN-0188,2026-01-20,AG-005,Eggplant,Fruit Vegetables,2,completed,synthetic
SYN-0188,2026-01-20,AG-015,String Beans,Seeds and Legumes,3,completed,synthetic
SYN-0188,2026-01-20,AG-003,Lettuce,Leafy Greens,1,completed,synthetic
SYN-0189,2026-01-21,AG-001,Pechay,Leafy Greens,3,completed,synthetic
SYN-0189,2026-01-21,AG-002,Kangkong,Leafy Greens,2,completed,synthetic
SYN-0190,2026-01-22,AG-001,Pechay,Leafy Greens,3,completed,synthetic
SYN-0190,2026-01-22,AG-002,Kangkong,Leafy Greens,2,completed,synthetic
SYN-0191,2026-01-23,AG-016,Mung Beans,Seeds and Legumes,3,completed,synthetic
SYN-0191,2026-01-23,AG-002,Kangkong,Leafy Greens,1,completed,synthetic
SYN-0192,2026-01-24,AG-001,Pechay,Leafy Greens,3,completed,synthetic
SYN-0192,2026-01-24,AG-002,Kangkong,Leafy Greens,1,completed,synthetic
SYN-0193,2026-01-25,AG-004,Tomato,Fruit Vegetables,3,completed,synthetic
SYN-0193,2026-01-25,AG-010,Onion,Bulb and Stem Vegetables,1,completed,synthetic
SYN-0194,2026-01-26,AG-001,Pechay,Leafy Greens,1,completed,synthetic
SYN-0194,2026-01-26,AG-002,Kangkong,Leafy Greens,2,completed,synthetic
SYN-0195,2026-01-27,AG-012,Spring Onion,Bulb and Stem Vegetables,2,completed,synthetic
SYN-0196,2026-01-28,AG-001,Pechay,Leafy Greens,3,completed,synthetic
SYN-0196,2026-01-28,AG-017,Fresh Tomatoes,Fruit Vegetables,1,completed,synthetic
SYN-0197,2026-01-29,AG-004,Tomato,Fruit Vegetables,2,completed,synthetic
SYN-0197,2026-01-29,AG-010,Onion,Bulb and Stem Vegetables,3,completed,synthetic
SYN-0198,2026-01-30,AG-005,Eggplant,Fruit Vegetables,2,completed,synthetic
SYN-0198,2026-01-30,AG-008,Carrot,Root and Tuber Vegetables,3,completed,synthetic
SYN-0199,2026-01-31,AG-001,Pechay,Leafy Greens,2,completed,synthetic
SYN-0199,2026-01-31,AG-002,Kangkong,Leafy Greens,2,completed,synthetic
SYN-0200,2026-02-01,AG-007,Potato,Root and Tuber Vegetables,3,completed,synthetic
SYN-0200,2026-02-01,AG-008,Carrot,Root and Tuber Vegetables,2,completed,synthetic
SYN-0200,2026-02-01,AG-006,Okra,Fruit Vegetables,3,completed,synthetic
SYN-0201,2026-02-02,AG-015,String Beans,Seeds and Legumes,1,completed,synthetic
SYN-0201,2026-02-02,AG-010,Onion,Bulb and Stem Vegetables,2,completed,synthetic
SYN-0202,2026-02-03,AG-013,Cauliflower,Flower Vegetables,3,completed,synthetic
SYN-0203,2026-02-04,AG-001,Pechay,Leafy Greens,2,completed,synthetic
SYN-0203,2026-02-04,AG-002,Kangkong,Leafy Greens,1,completed,synthetic
SYN-0204,2026-02-05,AG-009,Radish,Root and Tuber Vegetables,3,completed,synthetic
SYN-0204,2026-02-05,AG-001,Pechay,Leafy Greens,3,completed,synthetic
SYN-0205,2026-02-06,AG-016,Mung Beans,Seeds and Legumes,1,completed,synthetic
SYN-0205,2026-02-06,AG-010,Onion,Bulb and Stem Vegetables,3,completed,synthetic
SYN-0205,2026-02-06,AG-013,Cauliflower,Flower Vegetables,2,completed,synthetic
SYN-0206,2026-02-07,AG-007,Potato,Root and Tuber Vegetables,3,completed,synthetic
SYN-0206,2026-02-07,AG-008,Carrot,Root and Tuber Vegetables,3,completed,synthetic
SYN-0207,2026-02-08,AG-005,Eggplant,Fruit Vegetables,3,completed,synthetic
SYN-0207,2026-02-08,AG-004,Tomato,Fruit Vegetables,3,completed,synthetic
SYN-0208,2026-02-09,AG-005,Eggplant,Fruit Vegetables,3,completed,synthetic
SYN-0208,2026-02-09,AG-015,String Beans,Seeds and Legumes,1,completed,synthetic
SYN-0208,2026-02-09,AG-007,Potato,Root and Tuber Vegetables,1,completed,synthetic
SYN-0209,2026-02-10,AG-014,Broccoli,Flower Vegetables,1,completed,synthetic
SYN-0210,2026-02-11,AG-001,Pechay,Leafy Greens,2,completed,synthetic
SYN-0210,2026-02-11,AG-017,Fresh Tomatoes,Fruit Vegetables,3,completed,synthetic
SYN-0211,2026-02-12,AG-001,Pechay,Leafy Greens,2,completed,synthetic
SYN-0211,2026-02-12,AG-002,Kangkong,Leafy Greens,2,completed,synthetic
SYN-0212,2026-02-13,AG-011,Garlic,Bulb and Stem Vegetables,1,completed,synthetic
SYN-0213,2026-02-14,AG-004,Tomato,Fruit Vegetables,3,completed,synthetic
SYN-0213,2026-02-14,AG-010,Onion,Bulb and Stem Vegetables,3,completed,synthetic
SYN-0213,2026-02-14,AG-005,Eggplant,Fruit Vegetables,3,completed,synthetic
SYN-0214,2026-02-15,AG-012,Spring Onion,Bulb and Stem Vegetables,2,completed,synthetic
SYN-0214,2026-02-15,AG-003,Lettuce,Leafy Greens,1,completed,synthetic
SYN-0214,2026-02-15,AG-013,Cauliflower,Flower Vegetables,2,completed,synthetic
SYN-0215,2026-02-16,AG-005,Eggplant,Fruit Vegetables,3,completed,synthetic
SYN-0215,2026-02-16,AG-015,String Beans,Seeds and Legumes,3,completed,synthetic
SYN-0216,2026-02-17,AG-005,Eggplant,Fruit Vegetables,2,completed,synthetic
SYN-0216,2026-02-17,AG-015,String Beans,Seeds and Legumes,1,completed,synthetic
SYN-0217,2026-02-18,AG-005,Eggplant,Fruit Vegetables,3,completed,synthetic
SYN-0217,2026-02-18,AG-015,String Beans,Seeds and Legumes,2,completed,synthetic
SYN-0217,2026-02-18,AG-017,Fresh Tomatoes,Fruit Vegetables,3,completed,synthetic
SYN-0218,2026-02-19,AG-004,Tomato,Fruit Vegetables,2,completed,synthetic
SYN-0218,2026-02-19,AG-010,Onion,Bulb and Stem Vegetables,3,completed,synthetic
SYN-0219,2026-02-20,AG-005,Eggplant,Fruit Vegetables,1,completed,synthetic
SYN-0219,2026-02-20,AG-015,String Beans,Seeds and Legumes,2,completed,synthetic
SYN-0219,2026-02-20,AG-001,Pechay,Leafy Greens,2,completed,synthetic
SYN-0220,2026-02-21,AG-007,Potato,Root and Tuber Vegetables,1,completed,synthetic
SYN-0220,2026-02-21,AG-008,Carrot,Root and Tuber Vegetables,2,completed,synthetic
SYN-0221,2026-02-22,AG-001,Pechay,Leafy Greens,3,completed,synthetic
SYN-0221,2026-02-22,AG-017,Fresh Tomatoes,Fruit Vegetables,3,completed,synthetic
SYN-0222,2026-02-23,AG-005,Eggplant,Fruit Vegetables,2,completed,synthetic
SYN-0222,2026-02-23,AG-015,String Beans,Seeds and Legumes,3,completed,synthetic
SYN-0223,2026-02-24,AG-001,Pechay,Leafy Greens,1,completed,synthetic
SYN-0223,2026-02-24,AG-002,Kangkong,Leafy Greens,2,completed,synthetic
SYN-0223,2026-02-24,AG-008,Carrot,Root and Tuber Vegetables,2,completed,synthetic
SYN-0224,2026-02-25,AG-004,Tomato,Fruit Vegetables,3,completed,synthetic
SYN-0224,2026-02-25,AG-012,Spring Onion,Bulb and Stem Vegetables,3,completed,synthetic
SYN-0225,2026-02-26,AG-005,Eggplant,Fruit Vegetables,1,completed,synthetic
SYN-0225,2026-02-26,AG-015,String Beans,Seeds and Legumes,2,completed,synthetic
SYN-0226,2026-02-27,AG-007,Potato,Root and Tuber Vegetables,3,completed,synthetic
SYN-0226,2026-02-27,AG-008,Carrot,Root and Tuber Vegetables,1,completed,synthetic
SYN-0227,2026-02-28,AG-001,Pechay,Leafy Greens,1,completed,synthetic
SYN-0227,2026-02-28,AG-002,Kangkong,Leafy Greens,3,completed,synthetic
SYN-0228,2026-03-01,AG-001,Pechay,Leafy Greens,1,completed,synthetic
SYN-0228,2026-03-01,AG-017,Fresh Tomatoes,Fruit Vegetables,1,completed,synthetic
SYN-0229,2026-03-02,AG-007,Potato,Root and Tuber Vegetables,3,completed,synthetic
SYN-0229,2026-03-02,AG-008,Carrot,Root and Tuber Vegetables,1,completed,synthetic
SYN-0230,2026-03-03,AG-007,Potato,Root and Tuber Vegetables,3,completed,synthetic
SYN-0230,2026-03-03,AG-008,Carrot,Root and Tuber Vegetables,2,completed,synthetic
SYN-0231,2026-03-04,AG-001,Pechay,Leafy Greens,1,completed,synthetic
SYN-0232,2026-03-05,AG-007,Potato,Root and Tuber Vegetables,1,completed,synthetic
SYN-0232,2026-03-05,AG-008,Carrot,Root and Tuber Vegetables,1,completed,synthetic
SYN-0233,2026-03-06,AG-007,Potato,Root and Tuber Vegetables,3,completed,synthetic
SYN-0233,2026-03-06,AG-008,Carrot,Root and Tuber Vegetables,1,completed,synthetic
SYN-0234,2026-03-07,AG-012,Spring Onion,Bulb and Stem Vegetables,2,completed,synthetic
SYN-0234,2026-03-07,AG-004,Tomato,Fruit Vegetables,3,completed,synthetic
SYN-0235,2026-03-08,AG-001,Pechay,Leafy Greens,3,completed,synthetic
SYN-0235,2026-03-08,AG-017,Fresh Tomatoes,Fruit Vegetables,3,completed,synthetic
SYN-0235,2026-03-08,AG-014,Broccoli,Flower Vegetables,2,completed,synthetic
SYN-0236,2026-03-09,AG-004,Tomato,Fruit Vegetables,2,completed,synthetic
SYN-0236,2026-03-09,AG-010,Onion,Bulb and Stem Vegetables,2,completed,synthetic
SYN-0236,2026-03-09,AG-009,Radish,Root and Tuber Vegetables,3,completed,synthetic
SYN-0237,2026-03-10,AG-005,Eggplant,Fruit Vegetables,2,completed,synthetic
SYN-0237,2026-03-10,AG-015,String Beans,Seeds and Legumes,3,completed,synthetic
SYN-0237,2026-03-10,AG-002,Kangkong,Leafy Greens,1,completed,synthetic
SYN-0238,2026-03-11,AG-001,Pechay,Leafy Greens,3,completed,synthetic
SYN-0238,2026-03-11,AG-002,Kangkong,Leafy Greens,3,completed,synthetic
SYN-0239,2026-03-12,AG-017,Fresh Tomatoes,Fruit Vegetables,2,completed,synthetic
SYN-0240,2026-03-13,AG-001,Pechay,Leafy Greens,3,completed,synthetic
SYN-0240,2026-03-13,AG-017,Fresh Tomatoes,Fruit Vegetables,1,completed,synthetic
SYN-0241,2026-03-14,AG-007,Potato,Root and Tuber Vegetables,2,completed,synthetic
SYN-0241,2026-03-14,AG-014,Broccoli,Flower Vegetables,1,completed,synthetic
SYN-0242,2026-03-15,AG-005,Eggplant,Fruit Vegetables,3,completed,synthetic
SYN-0242,2026-03-15,AG-015,String Beans,Seeds and Legumes,1,completed,synthetic
SYN-0243,2026-03-16,AG-001,Pechay,Leafy Greens,2,completed,synthetic
SYN-0243,2026-03-16,AG-002,Kangkong,Leafy Greens,1,completed,synthetic
SYN-0244,2026-03-17,AG-003,Lettuce,Leafy Greens,1,completed,synthetic
SYN-0244,2026-03-17,AG-017,Fresh Tomatoes,Fruit Vegetables,2,completed,synthetic
SYN-0245,2026-03-18,AG-001,Pechay,Leafy Greens,3,completed,synthetic
SYN-0245,2026-03-18,AG-002,Kangkong,Leafy Greens,1,completed,synthetic
SYN-0246,2026-03-19,AG-001,Pechay,Leafy Greens,3,completed,synthetic
SYN-0246,2026-03-19,AG-017,Fresh Tomatoes,Fruit Vegetables,1,completed,synthetic
SYN-0247,2026-03-20,AG-005,Eggplant,Fruit Vegetables,3,completed,synthetic
SYN-0247,2026-03-20,AG-015,String Beans,Seeds and Legumes,1,completed,synthetic
SYN-0248,2026-03-21,AG-012,Spring Onion,Bulb and Stem Vegetables,3,completed,synthetic
SYN-0248,2026-03-21,AG-004,Tomato,Fruit Vegetables,3,completed,synthetic
SYN-0249,2026-03-22,AG-005,Eggplant,Fruit Vegetables,1,completed,synthetic
SYN-0249,2026-03-22,AG-015,String Beans,Seeds and Legumes,2,completed,synthetic
SYN-0250,2026-03-23,AG-009,Radish,Root and Tuber Vegetables,3,completed,synthetic
SYN-0251,2026-03-24,AG-005,Eggplant,Fruit Vegetables,3,completed,synthetic
SYN-0251,2026-03-24,AG-015,String Beans,Seeds and Legumes,3,completed,synthetic
SYN-0252,2026-03-25,AG-001,Pechay,Leafy Greens,3,completed,synthetic
SYN-0252,2026-03-25,AG-017,Fresh Tomatoes,Fruit Vegetables,3,completed,synthetic
SYN-0252,2026-03-25,AG-016,Mung Beans,Seeds and Legumes,2,completed,synthetic
SYN-0253,2026-01-01,AG-001,Pechay,Leafy Greens,2,completed,synthetic
SYN-0253,2026-01-01,AG-002,Kangkong,Leafy Greens,2,completed,synthetic
SYN-0254,2026-01-02,AG-007,Potato,Root and Tuber Vegetables,3,completed,synthetic
SYN-0254,2026-01-02,AG-008,Carrot,Root and Tuber Vegetables,3,completed,synthetic
SYN-0255,2026-01-03,AG-007,Potato,Root and Tuber Vegetables,1,completed,synthetic
SYN-0255,2026-01-03,AG-008,Carrot,Root and Tuber Vegetables,1,completed,synthetic
SYN-0256,2026-01-04,AG-014,Broccoli,Flower Vegetables,2,completed,synthetic
SYN-0257,2026-01-05,AG-001,Pechay,Leafy Greens,2,completed,synthetic
SYN-0257,2026-01-05,AG-002,Kangkong,Leafy Greens,3,completed,synthetic
SYN-0258,2026-01-06,AG-004,Tomato,Fruit Vegetables,3,completed,synthetic
SYN-0258,2026-01-06,AG-010,Onion,Bulb and Stem Vegetables,1,completed,synthetic
SYN-0258,2026-01-06,AG-015,String Beans,Seeds and Legumes,3,completed,synthetic
SYN-0259,2026-01-07,AG-005,Eggplant,Fruit Vegetables,2,completed,synthetic
SYN-0259,2026-01-07,AG-015,String Beans,Seeds and Legumes,3,completed,synthetic
SYN-0260,2026-01-08,AG-001,Pechay,Leafy Greens,3,completed,synthetic
SYN-0260,2026-01-08,AG-002,Kangkong,Leafy Greens,1,completed,synthetic
SYN-0261,2026-01-09,AG-004,Tomato,Fruit Vegetables,3,completed,synthetic
SYN-0261,2026-01-09,AG-010,Onion,Bulb and Stem Vegetables,3,completed,synthetic
SYN-0262,2026-01-10,AG-001,Pechay,Leafy Greens,3,completed,synthetic
SYN-0262,2026-01-10,AG-002,Kangkong,Leafy Greens,1,completed,synthetic
SYN-0262,2026-01-10,AG-009,Radish,Root and Tuber Vegetables,1,completed,synthetic
SYN-0263,2026-01-11,AG-007,Potato,Root and Tuber Vegetables,2,completed,synthetic
SYN-0263,2026-01-11,AG-008,Carrot,Root and Tuber Vegetables,2,completed,synthetic
SYN-0264,2026-01-12,AG-004,Tomato,Fruit Vegetables,2,completed,synthetic
SYN-0264,2026-01-12,AG-010,Onion,Bulb and Stem Vegetables,1,completed,synthetic
SYN-0265,2026-01-13,AG-001,Pechay,Leafy Greens,3,completed,synthetic
SYN-0265,2026-01-13,AG-017,Fresh Tomatoes,Fruit Vegetables,3,completed,synthetic
SYN-0266,2026-01-14,AG-003,Lettuce,Leafy Greens,3,completed,synthetic
SYN-0266,2026-01-14,AG-013,Cauliflower,Flower Vegetables,1,completed,synthetic
SYN-0267,2026-01-15,AG-005,Eggplant,Fruit Vegetables,2,completed,synthetic
SYN-0267,2026-01-15,AG-015,String Beans,Seeds and Legumes,3,completed,synthetic
SYN-0268,2026-01-16,AG-005,Eggplant,Fruit Vegetables,2,completed,synthetic
SYN-0268,2026-01-16,AG-015,String Beans,Seeds and Legumes,2,completed,synthetic
SYN-0269,2026-01-17,AG-004,Tomato,Fruit Vegetables,1,completed,synthetic
SYN-0269,2026-01-17,AG-010,Onion,Bulb and Stem Vegetables,3,completed,synthetic
SYN-0270,2026-01-18,AG-001,Pechay,Leafy Greens,1,completed,synthetic
SYN-0270,2026-01-18,AG-002,Kangkong,Leafy Greens,1,completed,synthetic
SYN-0270,2026-01-18,AG-016,Mung Beans,Seeds and Legumes,2,completed,synthetic
SYN-0271,2026-01-19,AG-001,Pechay,Leafy Greens,2,completed,synthetic
SYN-0271,2026-01-19,AG-017,Fresh Tomatoes,Fruit Vegetables,3,completed,synthetic
SYN-0271,2026-01-19,AG-015,String Beans,Seeds and Legumes,2,completed,synthetic
SYN-0272,2026-01-20,AG-007,Potato,Root and Tuber Vegetables,1,completed,synthetic
SYN-0272,2026-01-20,AG-008,Carrot,Root and Tuber Vegetables,3,completed,synthetic
SYN-0272,2026-01-20,AG-013,Cauliflower,Flower Vegetables,3,completed,synthetic
SYN-0273,2026-01-21,AG-001,Pechay,Leafy Greens,3,completed,synthetic
SYN-0273,2026-01-21,AG-002,Kangkong,Leafy Greens,1,completed,synthetic
SYN-0274,2026-01-22,AG-007,Potato,Root and Tuber Vegetables,1,completed,synthetic
SYN-0274,2026-01-22,AG-008,Carrot,Root and Tuber Vegetables,3,completed,synthetic
SYN-0275,2026-01-23,AG-004,Tomato,Fruit Vegetables,3,completed,synthetic
SYN-0275,2026-01-23,AG-010,Onion,Bulb and Stem Vegetables,2,completed,synthetic
SYN-0275,2026-01-23,AG-015,String Beans,Seeds and Legumes,2,completed,synthetic
SYN-0276,2026-01-24,AG-015,String Beans,Seeds and Legumes,3,completed,synthetic
SYN-0276,2026-01-24,AG-011,Garlic,Bulb and Stem Vegetables,2,completed,synthetic
SYN-0277,2026-01-25,AG-004,Tomato,Fruit Vegetables,3,completed,synthetic
SYN-0277,2026-01-25,AG-010,Onion,Bulb and Stem Vegetables,2,completed,synthetic
SYN-0278,2026-01-26,AG-012,Spring Onion,Bulb and Stem Vegetables,2,completed,synthetic
SYN-0278,2026-01-26,AG-003,Lettuce,Leafy Greens,2,completed,synthetic
SYN-0279,2026-01-27,AG-004,Tomato,Fruit Vegetables,2,completed,synthetic
SYN-0279,2026-01-27,AG-010,Onion,Bulb and Stem Vegetables,1,completed,synthetic
SYN-0280,2026-01-28,AG-004,Tomato,Fruit Vegetables,3,completed,synthetic
SYN-0280,2026-01-28,AG-010,Onion,Bulb and Stem Vegetables,2,completed,synthetic
SYN-0281,2026-01-29,AG-001,Pechay,Leafy Greens,3,completed,synthetic
SYN-0281,2026-01-29,AG-017,Fresh Tomatoes,Fruit Vegetables,1,completed,synthetic
SYN-0282,2026-01-30,AG-001,Pechay,Leafy Greens,2,completed,synthetic
SYN-0282,2026-01-30,AG-017,Fresh Tomatoes,Fruit Vegetables,3,completed,synthetic
SYN-0283,2026-01-31,AG-007,Potato,Root and Tuber Vegetables,2,completed,synthetic
SYN-0283,2026-01-31,AG-008,Carrot,Root and Tuber Vegetables,1,completed,synthetic
SYN-0284,2026-02-01,AG-003,Lettuce,Leafy Greens,1,completed,synthetic
SYN-0284,2026-02-01,AG-006,Okra,Fruit Vegetables,1,completed,synthetic
SYN-0285,2026-02-02,AG-017,Fresh Tomatoes,Fruit Vegetables,2,completed,synthetic
SYN-0285,2026-02-02,AG-006,Okra,Fruit Vegetables,2,completed,synthetic
SYN-0285,2026-02-02,AG-016,Mung Beans,Seeds and Legumes,2,completed,synthetic
SYN-0286,2026-02-03,AG-001,Pechay,Leafy Greens,1,completed,synthetic
SYN-0286,2026-02-03,AG-002,Kangkong,Leafy Greens,3,completed,synthetic
SYN-0287,2026-02-04,AG-004,Tomato,Fruit Vegetables,3,completed,synthetic
SYN-0287,2026-02-04,AG-010,Onion,Bulb and Stem Vegetables,3,completed,synthetic
SYN-0288,2026-02-05,AG-001,Pechay,Leafy Greens,3,completed,synthetic
SYN-0288,2026-02-05,AG-002,Kangkong,Leafy Greens,3,completed,synthetic
SYN-0289,2026-02-06,AG-005,Eggplant,Fruit Vegetables,2,completed,synthetic
SYN-0290,2026-02-07,AG-005,Eggplant,Fruit Vegetables,1,completed,synthetic
SYN-0290,2026-02-07,AG-015,String Beans,Seeds and Legumes,2,completed,synthetic
SYN-0290,2026-02-07,AG-013,Cauliflower,Flower Vegetables,3,completed,synthetic
SYN-0291,2026-02-08,AG-001,Pechay,Leafy Greens,3,completed,synthetic
SYN-0291,2026-02-08,AG-002,Kangkong,Leafy Greens,3,completed,synthetic
SYN-0292,2026-02-09,AG-017,Fresh Tomatoes,Fruit Vegetables,3,completed,synthetic
SYN-0292,2026-02-09,AG-003,Lettuce,Leafy Greens,3,completed,synthetic
SYN-0293,2026-02-10,AG-001,Pechay,Leafy Greens,1,completed,synthetic
SYN-0293,2026-02-10,AG-002,Kangkong,Leafy Greens,1,completed,synthetic
SYN-0293,2026-02-10,AG-007,Potato,Root and Tuber Vegetables,2,completed,synthetic
SYN-0294,2026-02-11,AG-008,Carrot,Root and Tuber Vegetables,1,completed,synthetic
SYN-0294,2026-02-11,AG-005,Eggplant,Fruit Vegetables,1,completed,synthetic
SYN-0295,2026-02-12,AG-004,Tomato,Fruit Vegetables,3,completed,synthetic
SYN-0295,2026-02-12,AG-010,Onion,Bulb and Stem Vegetables,3,completed,synthetic
SYN-0296,2026-02-13,AG-011,Garlic,Bulb and Stem Vegetables,3,completed,synthetic
SYN-0297,2026-02-14,AG-005,Eggplant,Fruit Vegetables,3,completed,synthetic
SYN-0297,2026-02-14,AG-015,String Beans,Seeds and Legumes,3,completed,synthetic
SYN-0297,2026-02-14,AG-003,Lettuce,Leafy Greens,1,completed,synthetic
SYN-0298,2026-02-15,AG-012,Spring Onion,Bulb and Stem Vegetables,3,completed,synthetic
SYN-0299,2026-02-16,AG-010,Onion,Bulb and Stem Vegetables,3,completed,synthetic
SYN-0299,2026-02-16,AG-015,String Beans,Seeds and Legumes,1,completed,synthetic
SYN-0299,2026-02-16,AG-004,Tomato,Fruit Vegetables,2,completed,synthetic
SYN-0300,2026-02-17,AG-007,Potato,Root and Tuber Vegetables,3,completed,synthetic
SYN-0300,2026-02-17,AG-012,Spring Onion,Bulb and Stem Vegetables,3,completed,synthetic
SYN-0301,2026-02-18,AG-010,Onion,Bulb and Stem Vegetables,3,completed,synthetic
SYN-0301,2026-02-18,AG-013,Cauliflower,Flower Vegetables,3,completed,synthetic
SYN-0302,2026-02-19,AG-007,Potato,Root and Tuber Vegetables,3,completed,synthetic
SYN-0302,2026-02-19,AG-008,Carrot,Root and Tuber Vegetables,1,completed,synthetic
SYN-0303,2026-02-20,AG-016,Mung Beans,Seeds and Legumes,2,completed,synthetic
SYN-0304,2026-02-21,AG-004,Tomato,Fruit Vegetables,3,completed,synthetic
SYN-0304,2026-02-21,AG-010,Onion,Bulb and Stem Vegetables,1,completed,synthetic
SYN-0305,2026-02-22,AG-007,Potato,Root and Tuber Vegetables,3,completed,synthetic
SYN-0305,2026-02-22,AG-008,Carrot,Root and Tuber Vegetables,1,completed,synthetic
SYN-0306,2026-02-23,AG-008,Carrot,Root and Tuber Vegetables,2,completed,synthetic
SYN-0307,2026-02-24,AG-014,Broccoli,Flower Vegetables,3,completed,synthetic
SYN-0307,2026-02-24,AG-002,Kangkong,Leafy Greens,2,completed,synthetic
SYN-0307,2026-02-24,AG-007,Potato,Root and Tuber Vegetables,1,completed,synthetic
SYN-0308,2026-02-25,AG-004,Tomato,Fruit Vegetables,1,completed,synthetic
SYN-0308,2026-02-25,AG-010,Onion,Bulb and Stem Vegetables,2,completed,synthetic
SYN-0309,2026-02-26,AG-011,Garlic,Bulb and Stem Vegetables,1,completed,synthetic
SYN-0309,2026-02-26,AG-005,Eggplant,Fruit Vegetables,1,completed,synthetic
SYN-0310,2026-02-27,AG-005,Eggplant,Fruit Vegetables,1,completed,synthetic
SYN-0310,2026-02-27,AG-015,String Beans,Seeds and Legumes,3,completed,synthetic
SYN-0311,2026-02-28,AG-001,Pechay,Leafy Greens,1,completed,synthetic
SYN-0311,2026-02-28,AG-017,Fresh Tomatoes,Fruit Vegetables,2,completed,synthetic
SYN-0311,2026-02-28,AG-003,Lettuce,Leafy Greens,1,completed,synthetic
SYN-0312,2026-03-01,AG-017,Fresh Tomatoes,Fruit Vegetables,1,completed,synthetic
SYN-0312,2026-03-01,AG-014,Broccoli,Flower Vegetables,2,completed,synthetic
SYN-0313,2026-03-02,AG-004,Tomato,Fruit Vegetables,3,completed,synthetic
SYN-0313,2026-03-02,AG-010,Onion,Bulb and Stem Vegetables,3,completed,synthetic
SYN-0313,2026-03-02,AG-008,Carrot,Root and Tuber Vegetables,2,completed,synthetic
SYN-0314,2026-03-03,AG-005,Eggplant,Fruit Vegetables,1,completed,synthetic
SYN-0314,2026-03-03,AG-015,String Beans,Seeds and Legumes,3,completed,synthetic
SYN-0315,2026-03-04,AG-007,Potato,Root and Tuber Vegetables,2,completed,synthetic
SYN-0315,2026-03-04,AG-008,Carrot,Root and Tuber Vegetables,2,completed,synthetic
SYN-0316,2026-03-05,AG-001,Pechay,Leafy Greens,2,completed,synthetic
SYN-0316,2026-03-05,AG-002,Kangkong,Leafy Greens,1,completed,synthetic
SYN-0317,2026-03-06,AG-004,Tomato,Fruit Vegetables,2,completed,synthetic
SYN-0317,2026-03-06,AG-010,Onion,Bulb and Stem Vegetables,1,completed,synthetic
SYN-0318,2026-03-07,AG-017,Fresh Tomatoes,Fruit Vegetables,2,completed,synthetic
SYN-0318,2026-03-07,AG-001,Pechay,Leafy Greens,2,completed,synthetic
SYN-0319,2026-03-08,AG-005,Eggplant,Fruit Vegetables,2,completed,synthetic
SYN-0319,2026-03-08,AG-015,String Beans,Seeds and Legumes,3,completed,synthetic
SYN-0320,2026-03-09,AG-004,Tomato,Fruit Vegetables,3,completed,synthetic
SYN-0320,2026-03-09,AG-010,Onion,Bulb and Stem Vegetables,3,completed,synthetic
SYN-0321,2026-03-10,AG-001,Pechay,Leafy Greens,2,completed,synthetic
SYN-0321,2026-03-10,AG-017,Fresh Tomatoes,Fruit Vegetables,1,completed,synthetic
SYN-0322,2026-03-11,AG-001,Pechay,Leafy Greens,3,completed,synthetic
SYN-0322,2026-03-11,AG-017,Fresh Tomatoes,Fruit Vegetables,1,completed,synthetic
SYN-0323,2026-03-12,AG-016,Mung Beans,Seeds and Legumes,1,completed,synthetic
SYN-0323,2026-03-12,AG-006,Okra,Fruit Vegetables,1,completed,synthetic
SYN-0324,2026-03-13,AG-002,Kangkong,Leafy Greens,1,completed,synthetic
SYN-0324,2026-03-13,AG-010,Onion,Bulb and Stem Vegetables,1,completed,synthetic
SYN-0324,2026-03-13,AG-004,Tomato,Fruit Vegetables,1,completed,synthetic
SYN-0325,2026-03-14,AG-001,Pechay,Leafy Greens,3,completed,synthetic
SYN-0325,2026-03-14,AG-002,Kangkong,Leafy Greens,2,completed,synthetic
SYN-0326,2026-03-15,AG-007,Potato,Root and Tuber Vegetables,1,completed,synthetic
SYN-0326,2026-03-15,AG-008,Carrot,Root and Tuber Vegetables,3,completed,synthetic
SYN-0327,2026-03-16,AG-004,Tomato,Fruit Vegetables,2,completed,synthetic
SYN-0327,2026-03-16,AG-010,Onion,Bulb and Stem Vegetables,2,completed,synthetic
SYN-0328,2026-03-17,AG-013,Cauliflower,Flower Vegetables,2,completed,synthetic
SYN-0328,2026-03-17,AG-011,Garlic,Bulb and Stem Vegetables,3,completed,synthetic
SYN-0328,2026-03-17,AG-003,Lettuce,Leafy Greens,2,completed,synthetic
SYN-0329,2026-03-18,AG-001,Pechay,Leafy Greens,1,completed,synthetic
SYN-0329,2026-03-18,AG-017,Fresh Tomatoes,Fruit Vegetables,3,completed,synthetic
SYN-0330,2026-03-19,AG-005,Eggplant,Fruit Vegetables,1,completed,synthetic
SYN-0330,2026-03-19,AG-015,String Beans,Seeds and Legumes,3,completed,synthetic
SYN-0331,2026-03-20,AG-004,Tomato,Fruit Vegetables,2,completed,synthetic
SYN-0331,2026-03-20,AG-010,Onion,Bulb and Stem Vegetables,2,completed,synthetic
SYN-0331,2026-03-20,AG-013,Cauliflower,Flower Vegetables,2,completed,synthetic
SYN-0332,2026-03-21,AG-005,Eggplant,Fruit Vegetables,2,completed,synthetic
SYN-0332,2026-03-21,AG-015,String Beans,Seeds and Legumes,2,completed,synthetic
SYN-0332,2026-03-21,AG-009,Radish,Root and Tuber Vegetables,1,completed,synthetic
SYN-0333,2026-03-22,AG-014,Broccoli,Flower Vegetables,1,completed,synthetic
SYN-0333,2026-03-22,AG-009,Radish,Root and Tuber Vegetables,1,completed,synthetic
SYN-0333,2026-03-22,AG-011,Garlic,Bulb and Stem Vegetables,3,completed,synthetic
SYN-0334,2026-03-23,AG-001,Pechay,Leafy Greens,3,completed,synthetic
SYN-0334,2026-03-23,AG-002,Kangkong,Leafy Greens,3,completed,synthetic
SYN-0335,2026-03-24,AG-004,Tomato,Fruit Vegetables,3,completed,synthetic
SYN-0335,2026-03-24,AG-010,Onion,Bulb and Stem Vegetables,2,completed,synthetic
SYN-0335,2026-03-24,AG-012,Spring Onion,Bulb and Stem Vegetables,1,completed,synthetic
SYN-0336,2026-03-25,AG-007,Potato,Root and Tuber Vegetables,2,completed,synthetic
SYN-0336,2026-03-25,AG-008,Carrot,Root and Tuber Vegetables,2,completed,synthetic
SYN-0337,2026-01-01,AG-001,Pechay,Leafy Greens,3,completed,synthetic
SYN-0337,2026-01-01,AG-017,Fresh Tomatoes,Fruit Vegetables,2,completed,synthetic
SYN-0337,2026-01-01,AG-004,Tomato,Fruit Vegetables,2,completed,synthetic
SYN-0338,2026-01-02,AG-004,Tomato,Fruit Vegetables,3,completed,synthetic
SYN-0338,2026-01-02,AG-010,Onion,Bulb and Stem Vegetables,2,completed,synthetic
SYN-0339,2026-01-03,AG-001,Pechay,Leafy Greens,1,completed,synthetic
SYN-0339,2026-01-03,AG-002,Kangkong,Leafy Greens,1,completed,synthetic
SYN-0340,2026-01-04,AG-013,Cauliflower,Flower Vegetables,2,completed,synthetic
SYN-0340,2026-01-04,AG-004,Tomato,Fruit Vegetables,2,completed,synthetic
SYN-0341,2026-01-05,AG-010,Onion,Bulb and Stem Vegetables,3,completed,synthetic
SYN-0342,2026-01-06,AG-004,Tomato,Fruit Vegetables,1,completed,synthetic
SYN-0342,2026-01-06,AG-005,Eggplant,Fruit Vegetables,2,completed,synthetic
SYN-0343,2026-01-07,AG-005,Eggplant,Fruit Vegetables,3,completed,synthetic
SYN-0343,2026-01-07,AG-015,String Beans,Seeds and Legumes,2,completed,synthetic
SYN-0344,2026-01-08,AG-004,Tomato,Fruit Vegetables,2,completed,synthetic
SYN-0344,2026-01-08,AG-010,Onion,Bulb and Stem Vegetables,2,completed,synthetic
SYN-0345,2026-01-09,AG-006,Okra,Fruit Vegetables,3,completed,synthetic
SYN-0345,2026-01-09,AG-012,Spring Onion,Bulb and Stem Vegetables,1,completed,synthetic
SYN-0346,2026-01-10,AG-007,Potato,Root and Tuber Vegetables,1,completed,synthetic
SYN-0346,2026-01-10,AG-008,Carrot,Root and Tuber Vegetables,2,completed,synthetic
SYN-0347,2026-01-11,AG-001,Pechay,Leafy Greens,2,completed,synthetic
SYN-0347,2026-01-11,AG-017,Fresh Tomatoes,Fruit Vegetables,3,completed,synthetic
SYN-0348,2026-01-12,AG-004,Tomato,Fruit Vegetables,3,completed,synthetic
SYN-0348,2026-01-12,AG-010,Onion,Bulb and Stem Vegetables,3,completed,synthetic
SYN-0348,2026-01-12,AG-008,Carrot,Root and Tuber Vegetables,2,completed,synthetic
SYN-0349,2026-01-13,AG-005,Eggplant,Fruit Vegetables,1,completed,synthetic
SYN-0349,2026-01-13,AG-015,String Beans,Seeds and Legumes,1,completed,synthetic
SYN-0350,2026-01-14,AG-015,String Beans,Seeds and Legumes,3,completed,synthetic
SYN-0350,2026-01-14,AG-017,Fresh Tomatoes,Fruit Vegetables,3,completed,synthetic
SYN-0351,2026-01-15,AG-001,Pechay,Leafy Greens,1,completed,synthetic
SYN-0351,2026-01-15,AG-017,Fresh Tomatoes,Fruit Vegetables,1,completed,synthetic
SYN-0352,2026-01-16,AG-004,Tomato,Fruit Vegetables,3,completed,synthetic
SYN-0352,2026-01-16,AG-010,Onion,Bulb and Stem Vegetables,1,completed,synthetic
SYN-0353,2026-01-17,AG-007,Potato,Root and Tuber Vegetables,3,completed,synthetic
SYN-0353,2026-01-17,AG-008,Carrot,Root and Tuber Vegetables,1,completed,synthetic
SYN-0354,2026-01-18,AG-001,Pechay,Leafy Greens,1,completed,synthetic
SYN-0354,2026-01-18,AG-017,Fresh Tomatoes,Fruit Vegetables,2,completed,synthetic
SYN-0355,2026-01-19,AG-001,Pechay,Leafy Greens,3,completed,synthetic
SYN-0355,2026-01-19,AG-017,Fresh Tomatoes,Fruit Vegetables,2,completed,synthetic
SYN-0356,2026-01-20,AG-004,Tomato,Fruit Vegetables,1,completed,synthetic
SYN-0356,2026-01-20,AG-010,Onion,Bulb and Stem Vegetables,3,completed,synthetic
SYN-0357,2026-01-21,AG-011,Garlic,Bulb and Stem Vegetables,3,completed,synthetic
SYN-0358,2026-01-22,AG-004,Tomato,Fruit Vegetables,3,completed,synthetic
SYN-0358,2026-01-22,AG-010,Onion,Bulb and Stem Vegetables,2,completed,synthetic
SYN-0358,2026-01-22,AG-013,Cauliflower,Flower Vegetables,3,completed,synthetic
SYN-0359,2026-01-23,AG-001,Pechay,Leafy Greens,3,completed,synthetic
SYN-0359,2026-01-23,AG-017,Fresh Tomatoes,Fruit Vegetables,1,completed,synthetic
SYN-0360,2026-01-24,AG-001,Pechay,Leafy Greens,2,completed,synthetic
SYN-0360,2026-01-24,AG-017,Fresh Tomatoes,Fruit Vegetables,2,completed,synthetic
SYN-0361,2026-01-25,AG-005,Eggplant,Fruit Vegetables,1,completed,synthetic
SYN-0361,2026-01-25,AG-015,String Beans,Seeds and Legumes,3,completed,synthetic
SYN-0362,2026-01-26,AG-005,Eggplant,Fruit Vegetables,2,completed,synthetic
SYN-0362,2026-01-26,AG-015,String Beans,Seeds and Legumes,1,completed,synthetic
SYN-0363,2026-01-27,AG-007,Potato,Root and Tuber Vegetables,3,completed,synthetic
SYN-0363,2026-01-27,AG-008,Carrot,Root and Tuber Vegetables,2,completed,synthetic
SYN-0364,2026-01-28,AG-013,Cauliflower,Flower Vegetables,2,completed,synthetic
SYN-0364,2026-01-28,AG-005,Eggplant,Fruit Vegetables,3,completed,synthetic
SYN-0365,2026-01-29,AG-001,Pechay,Leafy Greens,1,completed,synthetic
SYN-0365,2026-01-29,AG-002,Kangkong,Leafy Greens,2,completed,synthetic
SYN-0366,2026-01-30,AG-007,Potato,Root and Tuber Vegetables,2,completed,synthetic
SYN-0366,2026-01-30,AG-008,Carrot,Root and Tuber Vegetables,3,completed,synthetic
SYN-0366,2026-01-30,AG-005,Eggplant,Fruit Vegetables,2,completed,synthetic
SYN-0367,2026-01-31,AG-007,Potato,Root and Tuber Vegetables,3,completed,synthetic
SYN-0367,2026-01-31,AG-008,Carrot,Root and Tuber Vegetables,3,completed,synthetic
SYN-0368,2026-02-01,AG-007,Potato,Root and Tuber Vegetables,3,completed,synthetic
SYN-0368,2026-02-01,AG-008,Carrot,Root and Tuber Vegetables,2,completed,synthetic
SYN-0369,2026-02-02,AG-001,Pechay,Leafy Greens,1,completed,synthetic
SYN-0369,2026-02-02,AG-002,Kangkong,Leafy Greens,2,completed,synthetic
SYN-0370,2026-02-03,AG-007,Potato,Root and Tuber Vegetables,2,completed,synthetic
SYN-0370,2026-02-03,AG-008,Carrot,Root and Tuber Vegetables,1,completed,synthetic
SYN-0371,2026-02-04,AG-005,Eggplant,Fruit Vegetables,3,completed,synthetic
SYN-0371,2026-02-04,AG-015,String Beans,Seeds and Legumes,3,completed,synthetic
SYN-0372,2026-02-05,AG-001,Pechay,Leafy Greens,2,completed,synthetic
SYN-0372,2026-02-05,AG-017,Fresh Tomatoes,Fruit Vegetables,1,completed,synthetic
SYN-0372,2026-02-05,AG-003,Lettuce,Leafy Greens,2,completed,synthetic
SYN-0373,2026-02-06,AG-012,Spring Onion,Bulb and Stem Vegetables,2,completed,synthetic
SYN-0373,2026-02-06,AG-002,Kangkong,Leafy Greens,1,completed,synthetic
SYN-0374,2026-02-07,AG-007,Potato,Root and Tuber Vegetables,2,completed,synthetic
SYN-0374,2026-02-07,AG-008,Carrot,Root and Tuber Vegetables,1,completed,synthetic
SYN-0375,2026-02-08,AG-005,Eggplant,Fruit Vegetables,2,completed,synthetic
SYN-0375,2026-02-08,AG-015,String Beans,Seeds and Legumes,3,completed,synthetic
SYN-0376,2026-02-09,AG-004,Tomato,Fruit Vegetables,2,completed,synthetic
SYN-0377,2026-02-10,AG-001,Pechay,Leafy Greens,2,completed,synthetic
SYN-0377,2026-02-10,AG-002,Kangkong,Leafy Greens,1,completed,synthetic
SYN-0378,2026-02-11,AG-001,Pechay,Leafy Greens,1,completed,synthetic
SYN-0378,2026-02-11,AG-017,Fresh Tomatoes,Fruit Vegetables,1,completed,synthetic
SYN-0379,2026-02-12,AG-001,Pechay,Leafy Greens,3,completed,synthetic
SYN-0379,2026-02-12,AG-002,Kangkong,Leafy Greens,2,completed,synthetic
SYN-0380,2026-02-13,AG-001,Pechay,Leafy Greens,3,completed,synthetic
SYN-0380,2026-02-13,AG-017,Fresh Tomatoes,Fruit Vegetables,2,completed,synthetic
SYN-0380,2026-02-13,AG-016,Mung Beans,Seeds and Legumes,1,completed,synthetic
SYN-0381,2026-02-14,AG-001,Pechay,Leafy Greens,2,completed,synthetic
SYN-0381,2026-02-14,AG-017,Fresh Tomatoes,Fruit Vegetables,3,completed,synthetic
SYN-0382,2026-02-15,AG-001,Pechay,Leafy Greens,3,completed,synthetic
SYN-0382,2026-02-15,AG-017,Fresh Tomatoes,Fruit Vegetables,3,completed,synthetic
SYN-0383,2026-02-16,AG-004,Tomato,Fruit Vegetables,3,completed,synthetic
SYN-0383,2026-02-16,AG-010,Onion,Bulb and Stem Vegetables,1,completed,synthetic
SYN-0384,2026-02-17,AG-001,Pechay,Leafy Greens,2,completed,synthetic
SYN-0384,2026-02-17,AG-016,Mung Beans,Seeds and Legumes,3,completed,synthetic
SYN-0385,2026-02-18,AG-008,Carrot,Root and Tuber Vegetables,3,completed,synthetic
SYN-0385,2026-02-18,AG-002,Kangkong,Leafy Greens,2,completed,synthetic
SYN-0386,2026-02-19,AG-001,Pechay,Leafy Greens,2,completed,synthetic
SYN-0386,2026-02-19,AG-017,Fresh Tomatoes,Fruit Vegetables,1,completed,synthetic
SYN-0387,2026-02-20,AG-004,Tomato,Fruit Vegetables,1,completed,synthetic
SYN-0388,2026-02-21,AG-001,Pechay,Leafy Greens,2,completed,synthetic
SYN-0388,2026-02-21,AG-002,Kangkong,Leafy Greens,3,completed,synthetic
SYN-0389,2026-02-22,AG-001,Pechay,Leafy Greens,2,completed,synthetic
SYN-0389,2026-02-22,AG-017,Fresh Tomatoes,Fruit Vegetables,3,completed,synthetic
SYN-0390,2026-02-23,AG-017,Fresh Tomatoes,Fruit Vegetables,3,completed,synthetic
SYN-0390,2026-02-23,AG-007,Potato,Root and Tuber Vegetables,2,completed,synthetic
SYN-0391,2026-02-24,AG-013,Cauliflower,Flower Vegetables,1,completed,synthetic
SYN-0391,2026-02-24,AG-011,Garlic,Bulb and Stem Vegetables,2,completed,synthetic
SYN-0392,2026-02-25,AG-012,Spring Onion,Bulb and Stem Vegetables,3,completed,synthetic
SYN-0393,2026-02-26,AG-009,Radish,Root and Tuber Vegetables,1,completed,synthetic
SYN-0393,2026-02-26,AG-016,Mung Beans,Seeds and Legumes,1,completed,synthetic
SYN-0394,2026-02-27,AG-001,Pechay,Leafy Greens,2,completed,synthetic
SYN-0394,2026-02-27,AG-002,Kangkong,Leafy Greens,2,completed,synthetic
SYN-0395,2026-02-28,AG-016,Mung Beans,Seeds and Legumes,2,completed,synthetic
SYN-0395,2026-02-28,AG-011,Garlic,Bulb and Stem Vegetables,2,completed,synthetic
SYN-0396,2026-03-01,AG-001,Pechay,Leafy Greens,3,completed,synthetic
SYN-0396,2026-03-01,AG-002,Kangkong,Leafy Greens,3,completed,synthetic
SYN-0397,2026-03-02,AG-005,Eggplant,Fruit Vegetables,1,completed,synthetic
SYN-0397,2026-03-02,AG-015,String Beans,Seeds and Legumes,2,completed,synthetic
SYN-0398,2026-03-03,AG-004,Tomato,Fruit Vegetables,2,completed,synthetic
SYN-0398,2026-03-03,AG-010,Onion,Bulb and Stem Vegetables,3,completed,synthetic
SYN-0399,2026-03-04,AG-005,Eggplant,Fruit Vegetables,3,completed,synthetic
SYN-0399,2026-03-04,AG-015,String Beans,Seeds and Legumes,2,completed,synthetic
SYN-0400,2026-03-05,AG-005,Eggplant,Fruit Vegetables,3,completed,synthetic
SYN-0400,2026-03-05,AG-004,Tomato,Fruit Vegetables,3,completed,synthetic
SYN-0401,2026-03-06,AG-007,Potato,Root and Tuber Vegetables,3,completed,synthetic
SYN-0401,2026-03-06,AG-008,Carrot,Root and Tuber Vegetables,1,completed,synthetic
SYN-0401,2026-03-06,AG-017,Fresh Tomatoes,Fruit Vegetables,3,completed,synthetic
SYN-0402,2026-03-07,AG-004,Tomato,Fruit Vegetables,3,completed,synthetic
SYN-0402,2026-03-07,AG-010,Onion,Bulb and Stem Vegetables,2,completed,synthetic
SYN-0403,2026-03-08,AG-007,Potato,Root and Tuber Vegetables,1,completed,synthetic
SYN-0403,2026-03-08,AG-008,Carrot,Root and Tuber Vegetables,2,completed,synthetic
SYN-0403,2026-03-08,AG-011,Garlic,Bulb and Stem Vegetables,3,completed,synthetic
SYN-0404,2026-03-09,AG-016,Mung Beans,Seeds and Legumes,2,completed,synthetic
SYN-0404,2026-03-09,AG-007,Potato,Root and Tuber Vegetables,2,completed,synthetic
SYN-0404,2026-03-09,AG-013,Cauliflower,Flower Vegetables,2,completed,synthetic
SYN-0405,2026-03-10,AG-004,Tomato,Fruit Vegetables,1,completed,synthetic
SYN-0405,2026-03-10,AG-010,Onion,Bulb and Stem Vegetables,3,completed,synthetic
SYN-0406,2026-03-11,AG-002,Kangkong,Leafy Greens,2,completed,synthetic
SYN-0406,2026-03-11,AG-006,Okra,Fruit Vegetables,1,completed,synthetic
SYN-0407,2026-03-12,AG-013,Cauliflower,Flower Vegetables,2,completed,synthetic
SYN-0408,2026-03-13,AG-001,Pechay,Leafy Greens,1,completed,synthetic
SYN-0408,2026-03-13,AG-002,Kangkong,Leafy Greens,2,completed,synthetic
SYN-0409,2026-03-14,AG-004,Tomato,Fruit Vegetables,2,completed,synthetic
SYN-0409,2026-03-14,AG-010,Onion,Bulb and Stem Vegetables,2,completed,synthetic
SYN-0410,2026-03-15,AG-001,Pechay,Leafy Greens,1,completed,synthetic
SYN-0410,2026-03-15,AG-017,Fresh Tomatoes,Fruit Vegetables,3,completed,synthetic
SYN-0411,2026-03-16,AG-007,Potato,Root and Tuber Vegetables,2,completed,synthetic
SYN-0411,2026-03-16,AG-008,Carrot,Root and Tuber Vegetables,1,completed,synthetic
SYN-0412,2026-03-17,AG-006,Okra,Fruit Vegetables,3,completed,synthetic
SYN-0412,2026-03-17,AG-001,Pechay,Leafy Greens,2,completed,synthetic
SYN-0413,2026-03-18,AG-007,Potato,Root and Tuber Vegetables,3,completed,synthetic
SYN-0413,2026-03-18,AG-006,Okra,Fruit Vegetables,3,completed,synthetic
SYN-0414,2026-03-19,AG-017,Fresh Tomatoes,Fruit Vegetables,1,completed,synthetic
SYN-0414,2026-03-19,AG-011,Garlic,Bulb and Stem Vegetables,2,completed,synthetic
SYN-0415,2026-03-20,AG-007,Potato,Root and Tuber Vegetables,2,completed,synthetic
SYN-0415,2026-03-20,AG-008,Carrot,Root and Tuber Vegetables,2,completed,synthetic
SYN-0416,2026-03-21,AG-013,Cauliflower,Flower Vegetables,1,completed,synthetic
SYN-0417,2026-03-22,AG-001,Pechay,Leafy Greens,2,completed,synthetic
SYN-0417,2026-03-22,AG-002,Kangkong,Leafy Greens,3,completed,synthetic
SYN-0418,2026-03-23,AG-012,Spring Onion,Bulb and Stem Vegetables,3,completed,synthetic
SYN-0419,2026-03-24,AG-004,Tomato,Fruit Vegetables,1,completed,synthetic
SYN-0419,2026-03-24,AG-010,Onion,Bulb and Stem Vegetables,2,completed,synthetic
SYN-0420,2026-03-25,AG-010,Onion,Bulb and Stem Vegetables,2,completed,synthetic
SYN-0420,2026-03-25,AG-004,Tomato,Fruit Vegetables,2,completed,synthetic
SYN-0420,2026-03-25,AG-011,Garlic,Bulb and Stem Vegetables,3,completed,synthetic
SYN-0421,2026-01-01,AG-007,Potato,Root and Tuber Vegetables,2,completed,synthetic
SYN-0421,2026-01-01,AG-008,Carrot,Root and Tuber Vegetables,3,completed,synthetic
SYN-0422,2026-01-02,AG-016,Mung Beans,Seeds and Legumes,3,completed,synthetic
SYN-0423,2026-01-03,AG-008,Carrot,Root and Tuber Vegetables,3,completed,synthetic
SYN-0423,2026-01-03,AG-003,Lettuce,Leafy Greens,2,completed,synthetic
SYN-0424,2026-01-04,AG-001,Pechay,Leafy Greens,1,completed,synthetic
SYN-0424,2026-01-04,AG-002,Kangkong,Leafy Greens,1,completed,synthetic
SYN-0424,2026-01-04,AG-012,Spring Onion,Bulb and Stem Vegetables,3,completed,synthetic
SYN-0425,2026-01-05,AG-005,Eggplant,Fruit Vegetables,1,completed,synthetic
SYN-0426,2026-01-06,AG-001,Pechay,Leafy Greens,3,completed,synthetic
SYN-0426,2026-01-06,AG-017,Fresh Tomatoes,Fruit Vegetables,1,completed,synthetic
SYN-0427,2026-01-07,AG-017,Fresh Tomatoes,Fruit Vegetables,1,completed,synthetic
SYN-0427,2026-01-07,AG-015,String Beans,Seeds and Legumes,2,completed,synthetic
SYN-0428,2026-01-08,AG-005,Eggplant,Fruit Vegetables,1,completed,synthetic
SYN-0428,2026-01-08,AG-015,String Beans,Seeds and Legumes,3,completed,synthetic
SYN-0429,2026-01-09,AG-001,Pechay,Leafy Greens,2,completed,synthetic
SYN-0429,2026-01-09,AG-002,Kangkong,Leafy Greens,2,completed,synthetic
SYN-0430,2026-01-10,AG-003,Lettuce,Leafy Greens,2,completed,synthetic
SYN-0430,2026-01-10,AG-002,Kangkong,Leafy Greens,2,completed,synthetic
SYN-0431,2026-01-11,AG-002,Kangkong,Leafy Greens,2,completed,synthetic
SYN-0431,2026-01-11,AG-003,Lettuce,Leafy Greens,1,completed,synthetic
SYN-0432,2026-01-12,AG-007,Potato,Root and Tuber Vegetables,3,completed,synthetic
SYN-0432,2026-01-12,AG-008,Carrot,Root and Tuber Vegetables,3,completed,synthetic
SYN-0433,2026-01-13,AG-005,Eggplant,Fruit Vegetables,2,completed,synthetic
SYN-0433,2026-01-13,AG-015,String Beans,Seeds and Legumes,2,completed,synthetic
SYN-0434,2026-01-14,AG-013,Cauliflower,Flower Vegetables,3,completed,synthetic
SYN-0434,2026-01-14,AG-003,Lettuce,Leafy Greens,3,completed,synthetic
SYN-0434,2026-01-14,AG-011,Garlic,Bulb and Stem Vegetables,1,completed,synthetic
SYN-0435,2026-01-15,AG-001,Pechay,Leafy Greens,2,completed,synthetic
SYN-0435,2026-01-15,AG-002,Kangkong,Leafy Greens,3,completed,synthetic
SYN-0435,2026-01-15,AG-011,Garlic,Bulb and Stem Vegetables,1,completed,synthetic
SYN-0436,2026-01-16,AG-001,Pechay,Leafy Greens,1,completed,synthetic
SYN-0437,2026-01-17,AG-014,Broccoli,Flower Vegetables,1,completed,synthetic
SYN-0437,2026-01-17,AG-013,Cauliflower,Flower Vegetables,1,completed,synthetic
SYN-0438,2026-01-18,AG-007,Potato,Root and Tuber Vegetables,3,completed,synthetic
SYN-0438,2026-01-18,AG-008,Carrot,Root and Tuber Vegetables,1,completed,synthetic
SYN-0439,2026-01-19,AG-005,Eggplant,Fruit Vegetables,1,completed,synthetic
SYN-0439,2026-01-19,AG-015,String Beans,Seeds and Legumes,1,completed,synthetic
SYN-0440,2026-01-20,AG-004,Tomato,Fruit Vegetables,2,completed,synthetic
SYN-0440,2026-01-20,AG-010,Onion,Bulb and Stem Vegetables,3,completed,synthetic
SYN-0441,2026-01-21,AG-004,Tomato,Fruit Vegetables,1,completed,synthetic
SYN-0441,2026-01-21,AG-010,Onion,Bulb and Stem Vegetables,2,completed,synthetic
SYN-0442,2026-01-22,AG-001,Pechay,Leafy Greens,1,completed,synthetic
SYN-0442,2026-01-22,AG-017,Fresh Tomatoes,Fruit Vegetables,1,completed,synthetic
SYN-0443,2026-01-23,AG-001,Pechay,Leafy Greens,3,completed,synthetic
SYN-0443,2026-01-23,AG-002,Kangkong,Leafy Greens,3,completed,synthetic
SYN-0444,2026-01-24,AG-001,Pechay,Leafy Greens,2,completed,synthetic
SYN-0444,2026-01-24,AG-017,Fresh Tomatoes,Fruit Vegetables,1,completed,synthetic
SYN-0445,2026-01-25,AG-007,Potato,Root and Tuber Vegetables,3,completed,synthetic
SYN-0445,2026-01-25,AG-008,Carrot,Root and Tuber Vegetables,1,completed,synthetic
SYN-0446,2026-01-26,AG-001,Pechay,Leafy Greens,3,completed,synthetic
SYN-0446,2026-01-26,AG-002,Kangkong,Leafy Greens,1,completed,synthetic
SYN-0446,2026-01-26,AG-012,Spring Onion,Bulb and Stem Vegetables,3,completed,synthetic
SYN-0447,2026-01-27,AG-001,Pechay,Leafy Greens,2,completed,synthetic
SYN-0447,2026-01-27,AG-017,Fresh Tomatoes,Fruit Vegetables,3,completed,synthetic
SYN-0448,2026-01-28,AG-001,Pechay,Leafy Greens,2,completed,synthetic
SYN-0448,2026-01-28,AG-017,Fresh Tomatoes,Fruit Vegetables,2,completed,synthetic
SYN-0449,2026-01-29,AG-005,Eggplant,Fruit Vegetables,3,completed,synthetic
SYN-0449,2026-01-29,AG-015,String Beans,Seeds and Legumes,2,completed,synthetic
SYN-0450,2026-01-30,AG-007,Potato,Root and Tuber Vegetables,3,completed,synthetic
SYN-0450,2026-01-30,AG-008,Carrot,Root and Tuber Vegetables,1,completed,synthetic
SYN-0451,2026-01-31,AG-014,Broccoli,Flower Vegetables,3,completed,synthetic
SYN-0451,2026-01-31,AG-017,Fresh Tomatoes,Fruit Vegetables,1,completed,synthetic
SYN-0451,2026-01-31,AG-009,Radish,Root and Tuber Vegetables,2,completed,synthetic
SYN-0452,2026-02-01,AG-007,Potato,Root and Tuber Vegetables,1,completed,synthetic
SYN-0452,2026-02-01,AG-008,Carrot,Root and Tuber Vegetables,2,completed,synthetic
SYN-0453,2026-02-02,AG-007,Potato,Root and Tuber Vegetables,1,completed,synthetic
SYN-0454,2026-02-03,AG-001,Pechay,Leafy Greens,1,completed,synthetic
SYN-0454,2026-02-03,AG-017,Fresh Tomatoes,Fruit Vegetables,1,completed,synthetic
SYN-0455,2026-02-04,AG-007,Potato,Root and Tuber Vegetables,1,completed,synthetic
SYN-0455,2026-02-04,AG-016,Mung Beans,Seeds and Legumes,2,completed,synthetic
SYN-0456,2026-02-05,AG-004,Tomato,Fruit Vegetables,1,completed,synthetic
SYN-0456,2026-02-05,AG-010,Onion,Bulb and Stem Vegetables,3,completed,synthetic
SYN-0457,2026-02-06,AG-005,Eggplant,Fruit Vegetables,3,completed,synthetic
SYN-0457,2026-02-06,AG-015,String Beans,Seeds and Legumes,3,completed,synthetic
SYN-0458,2026-02-07,AG-008,Carrot,Root and Tuber Vegetables,3,completed,synthetic
SYN-0459,2026-02-08,AG-001,Pechay,Leafy Greens,3,completed,synthetic
SYN-0459,2026-02-08,AG-002,Kangkong,Leafy Greens,3,completed,synthetic
SYN-0460,2026-02-09,AG-001,Pechay,Leafy Greens,2,completed,synthetic
SYN-0460,2026-02-09,AG-002,Kangkong,Leafy Greens,2,completed,synthetic
SYN-0461,2026-02-10,AG-005,Eggplant,Fruit Vegetables,2,completed,synthetic
SYN-0461,2026-02-10,AG-015,String Beans,Seeds and Legumes,1,completed,synthetic
SYN-0462,2026-02-11,AG-005,Eggplant,Fruit Vegetables,1,completed,synthetic
SYN-0462,2026-02-11,AG-015,String Beans,Seeds and Legumes,3,completed,synthetic
SYN-0462,2026-02-11,AG-016,Mung Beans,Seeds and Legumes,1,completed,synthetic
SYN-0463,2026-02-12,AG-001,Pechay,Leafy Greens,3,completed,synthetic
SYN-0463,2026-02-12,AG-017,Fresh Tomatoes,Fruit Vegetables,3,completed,synthetic
SYN-0464,2026-02-13,AG-007,Potato,Root and Tuber Vegetables,1,completed,synthetic
SYN-0464,2026-02-13,AG-008,Carrot,Root and Tuber Vegetables,2,completed,synthetic
SYN-0465,2026-02-14,AG-007,Potato,Root and Tuber Vegetables,3,completed,synthetic
SYN-0465,2026-02-14,AG-008,Carrot,Root and Tuber Vegetables,3,completed,synthetic
SYN-0466,2026-02-15,AG-005,Eggplant,Fruit Vegetables,3,completed,synthetic
SYN-0466,2026-02-15,AG-015,String Beans,Seeds and Legumes,3,completed,synthetic
SYN-0467,2026-02-16,AG-007,Potato,Root and Tuber Vegetables,2,completed,synthetic
SYN-0467,2026-02-16,AG-008,Carrot,Root and Tuber Vegetables,1,completed,synthetic
SYN-0468,2026-02-17,AG-001,Pechay,Leafy Greens,3,completed,synthetic
SYN-0468,2026-02-17,AG-017,Fresh Tomatoes,Fruit Vegetables,3,completed,synthetic
SYN-0469,2026-02-18,AG-003,Lettuce,Leafy Greens,1,completed,synthetic
SYN-0469,2026-02-18,AG-002,Kangkong,Leafy Greens,2,completed,synthetic
SYN-0470,2026-02-19,AG-007,Potato,Root and Tuber Vegetables,1,completed,synthetic
SYN-0470,2026-02-19,AG-008,Carrot,Root and Tuber Vegetables,1,completed,synthetic
SYN-0470,2026-02-19,AG-003,Lettuce,Leafy Greens,3,completed,synthetic
SYN-0471,2026-02-20,AG-004,Tomato,Fruit Vegetables,3,completed,synthetic
SYN-0471,2026-02-20,AG-010,Onion,Bulb and Stem Vegetables,3,completed,synthetic
SYN-0472,2026-02-21,AG-001,Pechay,Leafy Greens,3,completed,synthetic
SYN-0472,2026-02-21,AG-017,Fresh Tomatoes,Fruit Vegetables,3,completed,synthetic
SYN-0473,2026-02-22,AG-004,Tomato,Fruit Vegetables,2,completed,synthetic
SYN-0473,2026-02-22,AG-010,Onion,Bulb and Stem Vegetables,3,completed,synthetic
SYN-0474,2026-02-23,AG-014,Broccoli,Flower Vegetables,1,completed,synthetic
SYN-0475,2026-02-24,AG-004,Tomato,Fruit Vegetables,1,completed,synthetic
SYN-0475,2026-02-24,AG-010,Onion,Bulb and Stem Vegetables,1,completed,synthetic
SYN-0476,2026-02-25,AG-001,Pechay,Leafy Greens,2,completed,synthetic
SYN-0476,2026-02-25,AG-002,Kangkong,Leafy Greens,2,completed,synthetic
SYN-0477,2026-02-26,AG-005,Eggplant,Fruit Vegetables,1,completed,synthetic
SYN-0477,2026-02-26,AG-015,String Beans,Seeds and Legumes,3,completed,synthetic
SYN-0478,2026-02-27,AG-004,Tomato,Fruit Vegetables,3,completed,synthetic
SYN-0478,2026-02-27,AG-010,Onion,Bulb and Stem Vegetables,1,completed,synthetic
SYN-0479,2026-02-28,AG-005,Eggplant,Fruit Vegetables,2,completed,synthetic
SYN-0479,2026-02-28,AG-015,String Beans,Seeds and Legumes,1,completed,synthetic
SYN-0480,2026-03-01,AG-007,Potato,Root and Tuber Vegetables,2,completed,synthetic
SYN-0480,2026-03-01,AG-008,Carrot,Root and Tuber Vegetables,3,completed,synthetic
SYN-0480,2026-03-01,AG-016,Mung Beans,Seeds and Legumes,2,completed,synthetic
SYN-0481,2026-03-02,AG-004,Tomato,Fruit Vegetables,1,completed,synthetic
SYN-0481,2026-03-02,AG-010,Onion,Bulb and Stem Vegetables,1,completed,synthetic
SYN-0482,2026-03-03,AG-001,Pechay,Leafy Greens,1,completed,synthetic
SYN-0482,2026-03-03,AG-017,Fresh Tomatoes,Fruit Vegetables,1,completed,synthetic
SYN-0483,2026-03-04,AG-002,Kangkong,Leafy Greens,1,completed,synthetic
SYN-0484,2026-03-05,AG-007,Potato,Root and Tuber Vegetables,3,completed,synthetic
SYN-0485,2026-03-06,AG-005,Eggplant,Fruit Vegetables,2,completed,synthetic
SYN-0485,2026-03-06,AG-015,String Beans,Seeds and Legumes,1,completed,synthetic
SYN-0486,2026-03-07,AG-001,Pechay,Leafy Greens,2,completed,synthetic
SYN-0486,2026-03-07,AG-017,Fresh Tomatoes,Fruit Vegetables,3,completed,synthetic
SYN-0487,2026-03-08,AG-005,Eggplant,Fruit Vegetables,3,completed,synthetic
SYN-0488,2026-03-09,AG-012,Spring Onion,Bulb and Stem Vegetables,1,completed,synthetic
SYN-0488,2026-03-09,AG-002,Kangkong,Leafy Greens,2,completed,synthetic
SYN-0489,2026-03-10,AG-004,Tomato,Fruit Vegetables,3,completed,synthetic
SYN-0489,2026-03-10,AG-010,Onion,Bulb and Stem Vegetables,3,completed,synthetic
SYN-0490,2026-03-11,AG-001,Pechay,Leafy Greens,2,completed,synthetic
SYN-0490,2026-03-11,AG-002,Kangkong,Leafy Greens,2,completed,synthetic
SYN-0490,2026-03-11,AG-007,Potato,Root and Tuber Vegetables,1,completed,synthetic
SYN-0491,2026-03-12,AG-005,Eggplant,Fruit Vegetables,3,completed,synthetic
SYN-0491,2026-03-12,AG-015,String Beans,Seeds and Legumes,3,completed,synthetic
SYN-0492,2026-03-13,AG-004,Tomato,Fruit Vegetables,2,completed,synthetic
SYN-0492,2026-03-13,AG-010,Onion,Bulb and Stem Vegetables,1,completed,synthetic
SYN-0493,2026-03-14,AG-005,Eggplant,Fruit Vegetables,2,completed,synthetic
SYN-0494,2026-03-15,AG-013,Cauliflower,Flower Vegetables,2,completed,synthetic
SYN-0494,2026-03-15,AG-011,Garlic,Bulb and Stem Vegetables,1,completed,synthetic
SYN-0495,2026-03-16,AG-001,Pechay,Leafy Greens,2,completed,synthetic
SYN-0495,2026-03-16,AG-002,Kangkong,Leafy Greens,1,completed,synthetic
SYN-0496,2026-03-17,AG-007,Potato,Root and Tuber Vegetables,3,completed,synthetic
SYN-0496,2026-03-17,AG-008,Carrot,Root and Tuber Vegetables,3,completed,synthetic
SYN-0497,2026-03-18,AG-004,Tomato,Fruit Vegetables,3,completed,synthetic
SYN-0497,2026-03-18,AG-010,Onion,Bulb and Stem Vegetables,1,completed,synthetic
SYN-0497,2026-03-18,AG-007,Potato,Root and Tuber Vegetables,3,completed,synthetic
SYN-0498,2026-03-19,AG-001,Pechay,Leafy Greens,1,completed,synthetic
SYN-0498,2026-03-19,AG-002,Kangkong,Leafy Greens,2,completed,synthetic
SYN-0499,2026-03-20,AG-004,Tomato,Fruit Vegetables,3,completed,synthetic
SYN-0499,2026-03-20,AG-010,Onion,Bulb and Stem Vegetables,1,completed,synthetic
SYN-0500,2026-03-21,AG-007,Potato,Root and Tuber Vegetables,1,completed,synthetic
SYN-0500,2026-03-21,AG-008,Carrot,Root and Tuber Vegetables,1,completed,synthetic
SYN-CANCELLED,2026-01-01,AG-004,Tomato,Fruit Vegetables,1,cancelled,synthetic
SYN-PENDING,2026-01-01,AG-010,Onion,Bulb and Stem Vegetables,1,pending,synthetic
